relation_id,source_entity_id,target_entity_id,relation_type,relation_label_ar,source_basis,evidence_notes
1,2,121,FATHER_OF_HUMANITY,,أبو البشر,"2:30, 2:31, 2:34"
2,122,2,WIFE_OF,,زوجة,"2:35, 7:19, 4:1"
3,2,45,FATHER_OF,,أبو,5:27
4,7,34,SON_OF,,ابن,6:74
5,7,9,FATHER_OF,,أب,"2:125, 14:39, 2:127"
6,7,10,FATHER_OF,,أب,"11:71, 14:39, 37:112"
7,10,11,FATHER_OF,,أب,"11:71, 21:72, 29:27"
8,11,12,FATHER_OF,,أب,"12:4, 12:16, 12:67"
9,11,123,ALSO_KNOWN_AS,,يُسمى أيضاً,"3:93, 19:58"
10,28,27,FATHER_OF,,أب,"3:35, 3:36, 66:12"
11,27,25,MOTHER_OF,,أم,"3:36, 19:22, 23:50"
12,23,27,GUARDIAN_OF,,كفل,3:37
13,23,24,FATHER_OF,,أب,"3:39, 19:7, 21:90"
14,4,124,FATHER_OF,,أب,"11:42, 11:45, 11:46"
15,8,7,NEPHEW_OF,,ابن أخ,"29:26, 21:71"
16,14,15,BROTHER_OF,,أخ,"20:30, 7:142, 28:34"
17,14,125,SON_OF,,ابن,"28:7, 20:38, 20:40"
18,16,17,FATHER_OF,,أب,"27:16, 34:13, 21:78"
19,31,35,HUSBAND_OF,,زوج,"28:9, 66:11"
20,41,42,HUSBAND_OF,,زوج,111:4
21,26,147,MARRIED,,تزوج,33:37
22,43,26,ADOPTED_BY,,تبنّاه,33:37
23,43,147,DIVORCED,,طلّق,33:37
24,29,152,FATHER_OF,,أب,"31:13, 31:16, 31:17"
25,1,4,SENT,,أرسل,"7:59, 11:25, 23:23, 71:1"
26,1,5,SENT,,أرسل,"7:65, 11:50, 26:124"
27,1,6,SENT,,أرسل,"7:73, 11:61, 26:142"
28,1,7,SENT,,أرسل,"29:16, 21:51"
29,1,8,SENT,,أرسل,"7:80, 26:161, 29:28"
30,1,13,SENT,,أرسل,"7:85, 11:84, 29:36"
31,1,14,SENT,,أرسل,"7:103, 10:75, 20:24, 28:32, 51:38"
32,1,25,SENT,,أرسل,"3:49, 5:46, 61:6"
33,1,26,SENT,,أرسل,"33:45, 48:29, 3:144, 47:2"
34,1,16,SENT,,أرسل,"2:251, 34:10"
35,1,17,SENT,,أرسل,"27:15, 34:12, 38:30"
36,1,20,SENT,,أرسل,"10:98, 37:139, 68:48"
37,1,21,SENT,,أرسل,37:123
38,1,22,SENT,,أرسل,"6:86, 38:48"
39,1,18,SENT,,أرسل,"21:83, 38:41"
40,1,3,SENT,,أرسل,"19:56, 21:85"
41,1,19,SENT,,أرسل,"21:85, 38:48"
42,4,56,SENT_TO,,أُرسل إلى,"7:59, 11:25, 23:23, 71:1"
43,5,57,SENT_TO,,أُرسل إلى,"7:65, 11:50, 26:124, 46:21"
44,6,58,SENT_TO,,أُرسل إلى,"7:73, 11:61, 26:142, 27:45"
45,7,78,SENT_TO,,أُرسل إلى,"29:16, 21:51"
46,8,59,SENT_TO,,أُرسل إلى,"7:80, 26:161, 29:28"
47,13,60,SENT_TO,,أُرسل إلى,"7:85, 11:84, 29:36"
48,13,63,SENT_TO,,أُرسل إلى,26:176
49,14,31,SENT_TO,,أُرسل إلى,"7:103, 10:75, 20:24, 43:46, 51:38, 73:15, 79:17"
50,14,55,SENT_TO,,أُرسل إلى,"2:49, 7:105, 17:101, 20:47, 26:17"
51,25,55,SENT_TO,,أُرسل إلى,"3:49, 5:72, 43:59, 61:6"
52,26,142,SENT_TO,,أُرسل إلى,"7:158, 21:107, 34:28, 4:79"
53,1,2,COMMANDED_PROSTRATION_TO,,أمر بالسجود لـ,"2:34, 7:11, 15:29, 17:61, 18:50, 20:116"
54,51,2,PROSTRATED_TO,,سجدوا لـ,"2:34, 7:11, 15:30, 17:61, 18:50, 20:116"
55,52,2,REFUSED_PROSTRATION_TO,,رفض السجود لـ,"2:34, 7:11, 15:31, 17:61, 18:50, 20:116, 38:74"
56,52,2,WAS_ARROGANT_TOWARD,,استكبر على,"2:34, 7:12, 38:76"
57,52,2,TEMPTED,,أغوى,"2:36, 7:20, 20:120"
58,53,121,ENEMY_OF,,عدو لـ,"2:168, 2:208, 7:22, 12:5, 35:6, 36:60"
59,55,115,WORSHIPPED,,عبدوا,"2:51, 2:92, 7:148, 20:88"
60,36,115,MADE,,صنع,"20:85, 20:87, 20:95"
61,7,90,BUILT,,بنى,2:127
62,9,90,BUILT,,بنى,2:127
63,7,153,DESTROYED,,حطّم,"21:58, 37:93"
64,1,80,REVEALED,,أنزل,"2:185, 17:106, 25:1, 76:23, 97:1"
65,1,26,REVEALED_TO,,أنزل,"2:185, 47:2, 48:29"
66,1,81,REVEALED,,أنزل,"3:3, 3:93, 5:44"
67,1,14,REVEALED_TORAH_TO,,أنزل التوراة على,"2:53, 6:91, 11:110, 23:49, 25:35, 28:43"
68,1,82,REVEALED,,أنزل,"3:3, 5:46, 57:27"
69,1,25,REVEALED_GOSPEL_TO,,أنزل الإنجيل على,"5:46, 57:27"
70,1,83,REVEALED,,أنزل,"4:163, 17:55"
71,1,16,REVEALED_PSALMS_TO,,أنزل الزبور على,"4:163, 17:55"
72,1,84,REVEALED,,أنزل,"87:19, 53:36"
73,1,14,GAVE,,أعطى,"2:53, 7:145"
74,14,86,RECEIVED,,تلقّى,"7:145, 7:150, 7:154"
75,56,4,DENIED,,كذّبوا,"7:59, 11:32, 23:25, 26:105, 54:9, 71:21"
76,57,5,DENIED,,كذّبوا,"7:65, 11:53, 26:123, 41:15, 46:21, 54:18"
77,58,6,DENIED,,كذّبوا,"7:73, 11:62, 26:141, 27:45, 54:23, 91:11"
78,78,7,DENIED,,كذّبوا,"21:68, 29:16, 29:24, 37:97"
79,59,8,DENIED,,كذّبوا,"7:80, 26:160, 27:56, 54:33"
80,60,13,DENIED,,كذّبوا,"7:85, 11:84, 26:176, 29:36"
81,31,14,DENIED,,كذّب,"10:75, 20:56, 23:45, 26:23, 40:24, 43:46, 79:21"
82,77,14,DENIED,,كذّبوا,"3:11, 8:52, 8:54, 54:41"
83,55,25,DENIED,,كذّبوا,"3:52, 5:70, 61:14"
84,64,26,DENIED,,كذّبوا,"6:33, 10:2, 25:4, 34:43, 38:4"
85,71,26,DENIED,,كذّبوا,"6:33, 25:4, 34:43"
86,1,56,DROWNED,,أغرق,"7:64, 10:73, 11:37, 23:27, 25:37, 26:120, 29:14, 71:25"
87,1,57,DESTROYED_BY_WIND,,أهلك بالريح,"7:72, 41:16, 46:25, 51:41, 54:19, 69:6"
88,1,58,DESTROYED_BY_BLAST,,أهلك بالصيحة,"7:78, 11:67, 15:83, 41:17, 51:44, 54:31, 69:5, 91:14"
89,1,59,DESTROYED_BY_OVERTURN,,أهلك بالخسف,"7:84, 11:82, 15:74, 26:173, 27:58, 29:34, 54:34"
90,1,31,DROWNED,,أغرق,"2:50, 7:136, 8:54, 10:90, 17:103, 20:78, 26:66, 28:40, 43:55, 44:24"
91,1,77,DROWNED,,أغرق,"2:49, 3:11, 8:54"
92,1,33,SWALLOWED_EARTH,,خسف بـ,"28:81, 29:40"
93,1,63,DESTROYED,,أهلك,"15:78, 26:189"
94,1,65,SENT_BIRDS_AGAINST,,أرسل طيراً أبابيل على,105:3
95,1,60,DESTROYED,,أهلك,"7:91, 11:94, 29:37"
96,58,119,KILLED,,عقروا,"7:77, 11:65, 26:157, 54:29, 91:14"
97,1,2,TAUGHT_NAMES_TO,,علّم الأسماء,2:31
98,1,14,SPLIT_SEA_FOR,,فلق البحر لـ,"2:50, 7:138, 20:77, 26:63, 44:24"
99,1,14,SPOKE_TO,,كلّم,"4:164, 7:143, 7:144, 19:52, 20:11, 28:30"
100,14,117,THREW,,ألقى,"7:107, 20:20, 26:32, 27:10, 28:31"
101,25,1,RAISED_DEAD_BY_PERMISSION_OF,,أحيا الموتى بإذن,"3:49, 5:110"
102,25,1,HEALED_BY_PERMISSION_OF,,أبرأ الأكمه والأبرص بإذن,"3:49, 5:110"
103,25,55,SPOKE_IN_CRADLE,,تكلّم في المهد,"3:46, 5:110, 19:29"
104,17,54,WAS_GIVEN_POWER_OVER,,سُخّر له,"27:17, 34:12, 38:36"
105,17,146,TAUGHT_LANGUAGE_OF,,علّمه الله منطق,27:16
106,17,145,WAS_GIVEN_POWER_OVER,,سُخّر له,"21:81, 34:12, 38:36"
107,1,16,SOFTENED_IRON_FOR,,ألان الحديد لـ,34:10
108,1,16,GAVE_WISDOM_TO,,آتى الحكمة,"2:251, 38:20"
109,1,29,GAVE_WISDOM_TO,,آتى الحكمة,31:12
110,1,38,GAVE_KINGSHIP_TO,,آتى الملك,2:247
111,4,116,BUILT,,بنى,"11:37, 23:27, 54:13"
112,1,116,SAVED_IN,,أنجى في,"11:40, 23:27, 29:15"
113,1,25,RAISED,,رفع,"3:55, 4:158"
114,1,66,PUT_TO_SLEEP,,ألقى النوم على أصحاب,"18:11, 18:18, 18:25"
115,20,136,SWALLOWED_BY,,ابتلعه,"37:142, 68:48"
116,1,20,SAVED_FROM_WHALE,,أنجى من الحوت,"21:87, 37:143"
117,1,7,TESTED,,ابتلى,"2:124, 37:102"
118,1,18,TESTED,,ابتلى,"21:83, 38:41"
119,1,11,TESTED,,ابتلى,"12:18, 12:86"
120,1,12,TESTED,,ابتلى,"12:33, 12:35"
121,1,7,SAVED_FROM_FIRE,,نجّى من النار,"21:69, 29:24, 37:97"
122,1,18,HEALED,,شفى,"21:84, 38:42"
123,129,12,THREW_IN_WELL,,ألقوا في الجبّ,"12:10, 12:15"
124,39,12,BOUGHT,,اشترى,12:21
125,40,12,SEDUCED,,راودت,"12:23, 12:26, 12:30, 12:32, 12:51"
126,12,89,IMPRISONED_IN,,سُجن في,"12:33, 12:35, 12:36"
127,12,135,INTERPRETED_DREAM_OF,,فسّر حلم,"12:43, 12:47, 12:54"
128,12,89,BECAME_MINISTER_OF,,عزيز,"12:54, 12:56"
129,12,129,FORGAVE,,سامح,12:92
130,11,12,LOST_SIGHT_GRIEVING,,فقد البصر حزناً على,12:84
131,11,12,REGAINED_SIGHT_BY_SHIRT_OF,,استعاد البصر بقميص,12:96
132,14,31,DEMANDED_FROM,,طلب من,"7:105, 20:47, 26:17"
133,31,55,ENSLAVED,,استعبد,"2:49, 7:127, 7:141, 14:6, 28:4"
134,31,55,KILLED_SONS_OF,,قتل أبناء,"2:49, 7:127, 7:141, 14:6, 28:4"
135,125,14,CAST_IN_RIVER,,ألقت في اليمّ,"20:39, 28:7"
136,35,14,PICKED_UP,,التقطت,28:9
137,35,1,BELIEVED_IN,,آمنت بـ,66:11
138,32,31,MINISTER_OF,,وزير,"28:6, 28:38, 29:39, 40:24, 40:36"
139,33,14,FROM_PEOPLE_OF,,من قوم,28:76
140,33,55,OPPRESSED,,بغى على,28:76
141,14,126,KILLED,,قتل,"28:15, 28:33, 26:14"
142,14,13,MARRIED_DAUGHTER_OF,,تزوج بنت,"28:27, 28:28"
143,14,44,ACCOMPANIED,,صاحَبَ,"18:66, 18:71, 18:74, 18:78"
144,44,130,DAMAGED,,خرق,"18:71, 18:79"
145,44,131,KILLED,,قتل,"18:74, 18:80"
146,44,132,REPAIRED,,أقام,"18:77, 18:82"
147,16,37,KILLED,,قتل,2:251
148,38,55,LED,,قاد,"2:247, 2:249"
149,1,16,GAVE_KINGSHIP_TO,,آتى,"2:251, 38:20"
150,17,16,INHERITED_KINGDOM_FROM,,ورث ملك,27:16
151,137,74,RULED,,حكمت,"27:23, 27:32"
152,17,137,SENT_LETTER_TO,,راسل,"27:28, 27:31"
153,137,17,SUBMITTED_WITH,,أسلمت مع,27:44
154,1,55,TOOK_COVENANT_FROM,,أخذ ميثاق من,"2:40, 2:63, 2:83, 2:84, 2:93, 5:12, 5:70"
155,1,139,TOOK_COVENANT_FROM,,أخذ ميثاق من,"3:81, 33:7"
156,1,2,TOOK_COVENANT_FROM,,أخذ ميثاق من,20:115
157,7,87,PRAYED_FOR,,دعا الله لـ,"2:126, 14:35, 14:37"
158,7,26,PRAYED_FOR_SENDING,,دعا الله لإرسال,2:129
159,76,25,BELIEVED_IN,,آمنوا بـ,"3:52, 5:111, 61:14"
160,35,1,PRAYED_TO,,دعت,66:11
161,149,14,DEFENDED,,دافع عن,40:28
162,150,14,BELIEVED_IN,,آمنوا بـ,"7:120, 20:70, 26:46"
163,31,150,THREATENED,,هدّد,"7:124, 20:71, 26:49"
164,52,54,WAS_FROM,,كان من,18:50
165,1,52,GAVE_RESPITE_TO,,أنظر,"7:15, 15:37, 38:80"
166,52,154,VOWED_TO_MISLEAD,,توعّد,"7:16, 15:39, 17:62"
167,1,52,CURSED,,لعن,"4:118, 7:18, 15:35, 38:78"
168,1,52,EXPELLED,,طرد,"7:13, 7:18, 15:34, 38:77"
169,46,26,BROUGHT_REVELATION_TO,,نزل بالوحي على,"2:97, 26:193, 53:5, 81:19"
170,46,27,APPEARED_TO,,تمثّل لـ,19:17
171,46,25,SUPPORTED,,أيّد,"2:87, 2:253, 5:110"
172,51,110,DESCENDED_IN,,نزلوا في,"3:123, 3:124, 3:125, 8:9"
173,49,99,SENT_TO,,أُنزل في,2:102
174,50,99,SENT_TO,,أُنزل في,2:102
175,49,142,TAUGHT_MAGIC_TO,,علّما,2:102
176,50,142,TAUGHT_MAGIC_TO,,علّما,2:102
177,30,75,BUILT_BARRIER_AGAINST,,بنى السد ضد,"18:94, 18:95, 18:96"
178,30,104,EMPOWERED_IN,,مكّنه الله في,18:84
179,75,104,CORRUPT_IN,,يُفسدون في,"18:94, 21:96"
180,66,133,FLED_TO,,لجؤوا إلى,"18:10, 18:16"
181,66,1,BELIEVED_IN,,آمنوا بـ,18:13
182,66,134,SLEPT_FOR,,ناموا,18:25
183,25,120,PRAYED_FOR,,دعا الله بـ,5:114
184,1,120,SENT_DOWN,,أنزل,5:115
185,76,120,REQUESTED,,طلبوا,5:112
186,7,87,MIGRATED_TO,,هاجر إلى,14:37
187,7,99,MIGRATED_FROM,,هاجر من,"21:71, 29:26"
188,8,7,MIGRATED_WITH,,هاجر مع,"21:71, 29:26"
189,14,89,GREW_UP_IN,,نشأ في,"28:3, 28:14"
190,14,60,FLED_TO,,هرب إلى,"28:22, 28:25"
191,14,91,SPOKE_TO_GOD_AT,,كُلّم عند,"19:52, 20:12, 28:30, 79:16"
192,26,88,MIGRATED_TO,,هاجر إلى,"9:100, 9:117"
193,26,94,NIGHT_JOURNEY_TO,,أُسري به إلى,17:1
194,12,89,LIVED_IN,,عاش في,"12:21, 12:56, 12:99"
195,1,7,TOOK_AS_FRIEND,,اتّخذ خليلاً,4:125
196,1,14,SPOKE_DIRECTLY_TO,,كلّم تكليماً,4:164
197,25,1,WORD_OF,,كلمة الله,"3:45, 4:171"
198,25,1,SPIRIT_FROM,,روح من,4:171
199,1,2,MADE_VICEGERENT,,جعل خليفة,2:30
200,1,2,CHOSE,,اصطفى,3:33
201,1,4,CHOSE,,اصطفى,3:33
202,1,7,CHOSE_FAMILY_OF,,اصطفى آل,3:33
203,1,28,CHOSE_FAMILY_OF,,اصطفى آل,3:33
204,1,27,CHOSE,,اصطفى,3:42
205,26,139,SEAL_OF,,خاتم,33:40
206,1,55,FAVORED_OVER_ALL,,فضّل على العالمين,"2:47, 2:122, 44:32, 45:16"
207,4,56,PRAYED_AGAINST,,دعا على,"71:26, 54:10"
208,7,9,PRAYED_FOR,,دعا لـ,14:39
209,7,10,PRAYED_FOR,,دعا لـ,14:39
210,23,24,PRAYED_FOR,,دعا الله لـ,"3:38, 19:5, 21:89"
211,18,1,CALLED_UPON,,دعا,"21:83, 38:41"
212,20,136,CALLED_FROM_BELLY_OF,,دعا من بطن,"21:87, 37:143"
213,29,152,WARNED_AGAINST_POLYTHEISM,,نهى عن الشرك,31:13
214,29,152,COMMANDED_PRAYER_AND_GOOD,,أمر بالصلاة والمعروف,31:17
215,29,152,WARNED_AGAINST_ARROGANCE,,نهى عن التكبّر,31:18
216,1,107,RESURRECTS_ON,,يبعث في,"2:28, 22:7, 36:51, 50:42"
217,1,107,JUDGES_ON,,يحاسب في,"2:281, 3:25, 39:69, 40:17"
218,1,96,PREPARED_FOR_BELIEVERS,,أعدّ للمؤمنين,"2:25, 3:133, 4:57, 9:72, 47:15"
219,1,97,PREPARED_FOR_DISBELIEVERS,,أعدّ للكافرين,"2:24, 3:131, 4:56, 9:68, 14:16"
220,1,118,SENT,,أرسل,2:248
221,118,55,CARRIED_TO,,حمله إلى,2:248
222,148,110,FOUGHT_IN,,قاتلوا في,"3:13, 3:123, 8:5, 8:7"
223,148,111,FOUGHT_IN,,قاتلوا في,"3:121, 3:140, 3:152, 3:155"
224,148,112,FOUGHT_IN,,قاتلوا في,"33:9, 33:10, 33:22, 33:25"
225,148,110,WON,,انتصروا في,"3:123, 8:9, 8:10"
226,148,112,BESIEGED_IN,,حوصروا في,"33:10, 33:11"
227,26,110,LED,,قاد,"8:5, 8:42"
228,74,138,HAD,,كان لهم,"34:15, 34:16"
229,1,74,SENT_FLOOD_AGAINST,,أرسل سيل العرم على,34:16
230,25,1,NOT_SON_OF,,ليس ابن,"5:17, 5:72, 9:30, 19:35"
231,25,1,SERVANT_OF,,عبد,"4:172, 19:30, 43:59"
232,25,2,LIKENED_TO,,مثله كمثل,3:59
233,1,16,MADE_PROPHET_KING,,جعل نبيّاً ملكاً,"2:251, 38:20"
234,1,17,MADE_PROPHET_KING,,جعل نبيّاً ملكاً,"27:15, 38:30"
235,124,116,REFUSED_TO_BOARD,,رفض ركوب,"11:42, 11:43"
236,127,4,BETRAYED,,خانت,66:10
237,128,8,BETRAYED,,خانت,"7:83, 11:81, 15:60, 26:171, 27:57, 29:32, 29:33, 66:10"
238,41,26,UNCLE_OF,,عمّ,111:1
239,41,26,OPPOSED,,عادى,"111:1, 111:3"
240,7,9,DREAMT_OF_SACRIFICING,,رأى في المنام ذبح,37:102
241,7,9,ATTEMPTED_TO_SACRIFICE,,همّ بذبح,"37:102, 37:103, 37:107"
242,1,9,RANSOMED_WITH_SACRIFICE,,فدى بذبح عظيم,37:107
243,151,27,VOWED,,نذرت,3:35
244,27,143,WORSHIPPED_IN,,تعبّدت في,"3:37, 19:16"
245,1,27,PROVIDED_FOR,,رزق,3:37
246,1,55,SENT_MANNA_AND_QUAILS_TO,,أنزل المنّ والسلوى على,"2:57, 7:160, 20:80"
247,1,55,GUSHED_12_SPRINGS_FOR,,فجّر لهم 12 عيناً لـ,"2:60, 7:160"
248,1,55,SHADED_WITH_CLOUDS,,ظلّل بالغمام,"2:57, 7:160"
249,55,144,WANDERED_IN,,تاهوا في,5:26
250,1,26,TOOK_ON_NIGHT_JOURNEY,,أسرى بـ,17:1
251,26,95,NIGHT_JOURNEY_FROM,,أُسري به من,17:1
252,26,103,SAW_REVELATION_AT,,رأى عند,"53:14, 53:16"
253,1,2,CREATED,,خلق,"2:30, 3:59, 7:11, 15:26, 15:28, 38:71"
254,1,105,CREATED,,خلق,"2:29, 6:1, 7:54, 10:3, 21:30, 41:9"
255,1,104,CREATED,,خلق,"2:29, 6:1, 7:54, 10:3, 21:30, 41:9"
256,1,51,CREATED,,خلق,35:1
257,1,54,CREATED,,خلق,"15:27, 51:56, 55:15"
258,1,52,CREATED_FROM_FIRE,,خلق من نار,"7:12, 38:76"
259,1,2,CREATED_FROM_CLAY,,خلق من طين,"3:59, 6:2, 7:12, 15:26, 23:12, 32:7, 38:71"
260,4,56,CALLED_TO_MONOTHEISM,,دعا إلى التوحيد,"7:59, 11:26, 23:23, 71:2"
261,5,57,CALLED_TO_MONOTHEISM,,دعا إلى التوحيد,"7:65, 11:50, 26:124"
262,6,58,CALLED_TO_MONOTHEISM,,دعا إلى التوحيد,"7:73, 11:61, 26:142"
263,13,60,CALLED_TO_FAIR_MEASURE,,دعا إلى العدل في الميزان,"7:85, 11:84, 26:181"
264,11,140,FATHER_OF,,أب لـ,"2:136, 2:140, 3:84, 4:163"
265,7,11,GRANDFATHER_OF,,جدّ,"2:133, 11:71, 29:27"
266,7,55,GRANDFATHER_OF,,جدّ,"2:40, 2:47"
267,9,26,ANCESTOR_OF,,جدّ,2:129
268,26,141,ADDRESSED_ABOUT_WIVES,,قيل له عن أزواجه,"33:28, 33:30, 33:32, 33:50, 33:51, 33:52, 33:59, 66:1, 66:3, 66:4, 66:5"
269,7,139,PATRIARCH_OF,,أبو الأنبياء,"22:78, 2:130, 3:95, 4:125, 6:161, 16:123"
270,80,81,CONFIRMS,,مصدّق لـ,"2:41, 2:91, 2:97, 3:3, 5:48, 6:92, 46:12"
271,80,82,CONFIRMS,,مصدّق لـ,"3:3, 5:46, 5:48"
272,80,81,SUPERSEDES,,مهيمن على,5:48
273,80,82,SUPERSEDES,,مهيمن على,5:48
274,25,26,FORETOLD,,بشّر بـ,61:6
275,81,26,FORETOLD,,بشّرت بـ,"7:157, 48:29"
276,82,26,FORETOLD,,بشّر بـ,"7:157, 48:29"
277,79,31,FOLLOWED,,تبعوا,"3:11, 8:52, 8:54, 54:41"
278,79,14,DENIED,,كذّبوا,"3:11, 8:52, 8:54, 40:46, 54:41"
279,1,79,PUNISHED,,عاقب,"3:11, 7:130, 7:133, 8:54, 54:42"
280,79,55,ENSLAVED,,استعبدوا,"2:49, 7:127, 7:141, 14:6, 28:4"
281,79,89,LIVED_IN,,سكنوا,"7:137, 10:87, 28:4, 43:51"
282,1,79,SENT_PLAGUES_ON,,أرسل الطوفان والجراد على,"7:130, 7:133, 7:134, 7:135, 7:136"
283,1,68,FORETOLD_VICTORY_OF,,تنبّأ بانتصار,"30:2, 30:3, 30:4"
284,69,26,PRETENDED_FAITH_TO,,أظهروا الإيمان لـ,"2:8, 2:14, 4:142, 9:64, 63:1"
285,69,1,DECEIVED,,خادعوا,"2:9, 4:142"
286,1,69,WARNED,,توعّد,"4:145, 9:68, 33:73, 48:6, 63:6"
287,69,148,UNDERMINED,,ثبّطوا,"3:167, 9:42, 9:45, 9:81, 33:12"
288,69,97,DESTINED_FOR,,مصيرهم,"4:145, 9:68, 57:13"
289,70,81,BELIEVED_IN,,آمنوا بـ,"3:23, 3:93, 4:44, 5:43"
290,70,82,BELIEVED_IN,,آمنوا بـ,"5:47, 5:65, 5:68, 57:27"
291,70,26,CALLED_TO_BELIEVE_IN,,دُعوا لتصديق,"3:20, 3:64, 3:110, 5:15, 98:1"
292,70,80,CALLED_TO_BELIEVE_IN,,دُعوا للإيمان بـ,"2:41, 2:91, 3:70, 4:47"
293,72,26,SUPPORTED,,نصروا,"8:72, 8:74, 9:100, 9:117"
294,72,88,LIVED_IN,,سكنوا,"9:100, 9:117, 59:9"
295,73,87,EMIGRATED_FROM,,هاجروا من,"2:218, 8:72, 8:74, 9:100, 16:110"
296,73,88,EMIGRATED_TO,,هاجروا إلى,"2:218, 8:72, 9:100, 59:8"
297,73,26,FOLLOWED,,اتّبعوا,"9:100, 9:117"
298,1,72,PLEASED_WITH,,رضي عن,9:100
299,1,73,PLEASED_WITH,,رضي عن,9:100
300,67,1,BELIEVED_IN,,آمنوا بـ,"85:4, 85:7, 85:8"
301,1,67,CURSED_KILLERS_OF,,لعن قاتلي,"85:4, 85:10"
302,1,61,DESTROYED,,أهلك,"44:37, 50:14"
303,61,26,DENIED_MESSENGERS,,كذّبوا الرسل قبل,"44:37, 50:14"
304,1,62,DESTROYED,,أهلك,"25:38, 50:12"
305,62,1,DENIED_MESSENGERS,,كذّبوا الرسل,"25:38, 50:12"
306,71,1,ASSOCIATED_PARTNERS_WITH,,أشركوا بـ,"6:1, 6:22, 6:136, 16:35, 39:3"
307,71,153,WORSHIPPED,,عبدوا,"6:74, 14:35, 21:52, 26:71, 37:85"
308,71,26,FOUGHT,,حاربوا,"8:30, 8:36, 9:1, 9:5, 33:25"
309,47,1,ANGEL_OF,,ملاك,2:98
310,47,46,MENTIONED_WITH,,معاً ذُكرا,2:98
311,48,1,TAKES_SOULS_BY_COMMAND_OF,,يقبض الأرواح بأمر,"6:61, 32:11"
312,48,142,TAKES_SOULS_OF,,يتوفّى,"6:61, 32:11"
313,158,107,BLOWS_TRUMPET_ON,,ينفخ في الصور يوم,"18:99, 20:102, 27:87, 36:51, 39:68, 69:13, 78:18"
314,159,97,GUARDIAN_OF,,خازن,43:77
315,15,55,DEPUTY_OVER,,خليفة موسى على,7:142
316,15,14,MINISTER_OF,,وزير,"20:29, 20:30, 25:35, 28:35"
317,1,15,SENT,,أرسل,"4:163, 6:84, 10:75, 23:45, 37:114"
318,15,115,WARNED_AGAINST,,نهى عن عبادة,"20:90, 20:92, 20:94"
319,39,89,RULED_IN,,حكم في,"12:21, 12:30, 12:51"
320,36,55,MISLED,,أضلّ,"20:85, 20:87, 20:88, 20:95"
321,14,36,PUNISHED,,عاقب,"20:95, 20:97"
322,156,7,ARGUED_WITH,,حاجّ,2:258
323,156,1,CLAIMED_LORDSHIP_BEFORE,,ادّعى الربوبية أمام,2:258
324,7,156,DEBATED,,حاجّ,2:258
325,37,38,FOUGHT,,حارب,"2:249, 2:250, 2:251"
326,37,55,FOUGHT,,حارب,"2:249, 2:250, 2:251"
327,38,118,CAME_WITH,,جاء بـ,2:248
328,32,31,BUILT_TOWER_FOR,,بنى صرحاً لـ,"28:38, 40:36, 40:37"
329,1,32,DROWNED,,أغرق,"28:40, 29:39"
330,155,1,FALSELY_CALLED_SON_OF,,قالوا ابن,9:30
331,155,55,REVERED_BY,,عُظّم من قبل,9:30
332,157,31,SERVED,,خدموا,"7:113, 7:116, 20:60, 26:37, 26:38"
333,157,14,CHALLENGED,,تحدّوا,"7:116, 20:65, 26:43, 26:44"
334,157,1,BELIEVED_IN,,آمنوا بـ,"7:120, 7:121, 20:70, 26:46, 26:47, 26:48"
335,31,157,THREATENED_TO_KILL,,هدّد بالقتل,"7:124, 20:71, 26:49"
336,106,56,DESTROYED,,أهلك,"7:64, 10:73, 11:37, 25:37, 26:120, 29:14, 71:25"
337,1,106,SENT,,أرسل,"7:64, 11:40, 29:14, 71:25"
338,4,106,SURVIVED,,نجا من,"11:40, 23:27, 29:15, 37:76"
339,116,106,SAVED_FROM,,نجّت من,"11:40, 23:27, 29:15, 54:13"
340,108,95,STARTED_FROM,,انطلق من,17:1
341,108,94,ENDED_AT,,انتهى إلى,17:1
342,26,108,UNDERTOOK,,قام بـ,17:1
343,109,103,REACHED,,وصل إلى,"53:14, 53:16"
344,26,109,ASCENDED_IN,,عرج في,"53:7, 53:8, 53:9, 53:13, 53:14"
345,46,108,ACCOMPANIED_IN,,رافق في,"53:5, 53:6, 53:7, 81:19"
346,110,92,TOOK_PLACE_AT,,وقعت في,3:123
347,64,110,FOUGHT_IN,,قاتلوا في,"8:5, 8:7, 8:36, 8:42, 8:48"
348,111,161,TOOK_PLACE_AT,,وقعت في,3:121
349,64,111,FOUGHT_IN,,قاتلوا في,"3:121, 3:140, 3:152"
350,112,162,TOOK_PLACE_AT,,وقعت في,33:9
351,113,87,CONQUEST_OF,,فُتحت,"48:1, 48:18, 48:27, 110:1"
352,26,113,LED,,قاد,"48:1, 48:18, 110:1"
353,1,113,PROMISED,,وعد بـ,"48:1, 48:27"
354,114,26,MADE_BY,,عقد,"48:1, 48:10, 48:18"
355,114,64,WITH,,مع,"48:1, 48:24, 48:25"
356,1,114,CALLED_IT_VICTORY,,سمّاه فتحاً,48:1
357,93,148,FOUGHT_AT,,قاتل فيها,"9:25, 9:26, 9:27"
358,1,93,GAVE_VICTORY_AT,,نصر المسلمين في,"9:25, 9:26"
359,57,100,LIVED_IN,,سكنوا,46:21
360,57,101,BUILT,,بنوا,"89:7, 89:8"
361,58,102,LIVED_IN,,سكنوا,15:80
362,74,160,LIVED_IN,,سكنوا,34:15
363,137,160,RULED,,حكمت,27:23
364,7,8,SHELTERED,,آوى,"21:71, 29:26"
365,14,15,ASKED_GOD_FOR_HELP_OF,,طلب من الله مساعدة,"20:29, 20:30, 20:31, 20:32, 28:34"
366,25,26,FORETOLD_COMING_OF,,بشّر بقدوم,61:6
367,7,26,RELIGIOUS_ANCESTOR_OF,,ملّة,"2:130, 2:135, 3:95, 4:125, 6:161, 16:123, 22:78"
368,4,7,PRECEDED,,سبق,"3:33, 6:84, 19:58, 57:26"
369,7,14,PRECEDED,,سبق,"2:136, 3:84, 4:163, 87:19"
370,14,25,PRECEDED,,سبق,"2:87, 2:136, 5:46, 61:6"
371,25,26,PRECEDED,,سبق,"3:144, 33:40, 47:2, 61:6"
372,122,96,LIVED_IN,,سكنت في,"2:35, 7:19"
373,122,1,DISOBEYED,,عصت,"7:22, 20:121"
374,2,96,LIVED_IN,,سكن في,"2:35, 7:19"
375,1,2,EXPELLED_FROM_PARADISE,,أخرج من الجنة,"2:36, 7:24, 20:123"
376,2,104,DESCENDED_TO,,أُهبط إلى,"2:36, 7:24, 20:123"
377,80,142,GUIDANCE_FOR,,هدى لـ,"2:185, 3:138, 10:57, 16:89, 17:9"
378,80,85,ALSO_KNOWN_AS,,يُسمى أيضاً,25:1
379,85,26,REVEALED_TO,,أُنزل على,25:1
380,86,91,GIVEN_AT,,أُعطيت عند,7:145
381,1,119,SENT_AS_SIGN,,أرسل كآية,"7:73, 11:64, 17:59, 26:155, 54:27, 91:13"
382,116,91,RESTED_NEAR,,رست قرب,11:44
383,96,2,INHABITED_BY,,سكن فيها,"2:35, 7:19"
384,1,96,PREPARED_FOR_RIGHTEOUS,,أعدّ للمتقين,"3:133, 3:136, 4:57, 47:15, 57:21"
385,52,97,LED_TO,,يُقاد إلى,"7:18, 15:43, 38:85"
386,107,104,TRANSFORMS,,تبدّل فيه,"14:48, 18:47, 20:105, 69:14, 81:1"
387,107,105,FOLDED_IN,,تُطوى فيه,"21:104, 39:67, 81:11"
388,115,55,WORSHIPPED_BY,,عُبد من قبل,"2:51, 2:54, 2:92, 7:148, 7:152, 20:88"
389,14,115,BURNED_AND_DESTROYED,,حرّق ونسف,20:97
390,118,55,TRANQUILITY_FOR,,سكينة لـ,2:248
391,118,38,CAME_IN_ERA_OF,,جاء في عهد,2:248
392,120,76,SENT_DOWN_FOR,,نزلت لـ,"5:112, 5:113, 5:114, 5:115"
393,66,1,YOUTHS_WHO_BELIEVED_IN,,فتية آمنوا بـ,"18:13, 18:14"
394,1,66,RESURRECTED,,بعثهم,"18:12, 18:19"
395,75,107,EMERGE_BEFORE,,يخرجون قبل,21:96
396,98,96,BETWEEN_PARADISE,,بين الجنة,"7:46, 7:48, 7:49"
397,98,97,AND_HELL,,والنار,"7:46, 7:48, 7:49"
398,95,87,LOCATED_IN,,يقع في,"2:144, 2:149, 2:150, 2:217, 5:2"
399,95,90,SURROUNDS,,يحيط بـ,"2:125, 2:144, 22:25"
400,7,95,RAISED_FOUNDATIONS_OF,,رفع قواعد,"2:127, 22:26"
401,94,1,BLESSED_SURROUNDINGS_BY,,بارك حوله,17:1
402,91,14,SPOKEN_TO_AT,,كُلّم عنده,"7:143, 19:52, 20:12, 28:30"
403,91,86,TABLETS_GIVEN_AT,,أُعطيت عنده,7:145
404,1,91,SWORE_BY,,أقسم بـ,95:2
405,104,2,DESCENDED_TO_BY,,أُهبط إليها,"2:36, 7:24"
406,105,51,INHABITED_BY,,سكنتها,"53:26, 21:19, 21:20"
407,103,26,SAW_AT,,رأى عندها,"53:14, 53:16"
408,103,105,LOCATED_IN,,في,"53:14, 53:15"
409,88,26,EMIGRATED_TO,,هاجر إليها,"9:100, 9:117"
410,88,69,CONTAINED,,فيها,"9:101, 63:1, 63:7, 63:8"
411,92,87,NEAR,,قرب,3:123
412,64,87,LIVED_IN,,سكنوا,"106:1, 106:2, 106:3"
413,64,90,MAINTAINED,,حافظوا على,106:3
414,1,64,FED_AND_SECURED,,أطعمهم من جوع وآمنهم,106:4
415,65,90,TRIED_TO_DESTROY,,أرادوا هدم,"105:1, 105:2"
416,65,87,ATTACKED,,هاجموا,105:1
417,41,97,DESTINED_FOR,,مصيره,"111:1, 111:3"
418,42,97,DESTINED_FOR,,مصيرها,"111:4, 111:5"
419,42,26,HARMED,,آذت,111:4
420,43,147,WAS_HUSBAND_OF,,كان زوج,33:37
421,35,96,PRAYED_FOR,,دعت الله بـ,66:11
422,29,1,GIVEN_WISDOM_BY,,آتاه الحكمة,31:12
423,55,89,LIVED_IN,,سكنوا في,"2:49, 7:137, 10:87, 26:59"
424,55,163,CROSSED,,عبروا,"2:50, 7:138, 10:90, 20:77, 26:63, 44:24"
425,1,163,SPLIT_FOR,,فلق لـ بني إسرائيل,"2:50, 7:138, 26:63"
426,31,163,DROWNED_IN,,غرق في,"2:50, 10:90, 17:103, 20:78, 26:66, 28:40, 43:55"
427,53,2,TEMPTED,,أغوى,"2:36, 7:20, 20:120"
428,53,122,TEMPTED,,أغوى,"7:20, 7:22, 20:120, 20:121"
429,53,154,ENEMY_OF,,عدو لـ,"2:168, 2:208, 7:22, 12:5, 35:6, 36:60"
430,53,52,ALSO_KNOWN_AS,,يُسمى أيضاً,"2:34, 7:11, 18:50"
431,54,1,CREATED_TO_WORSHIP,,خُلقوا لعبادة,51:56
432,54,17,SUBJUGATED_TO,,سُخّروا لـ,"27:17, 27:39, 34:12, 34:14, 38:37"
433,54,80,HEARD,,سمعوا,"46:29, 46:30, 72:1, 72:2"
434,1,125,INSPIRED,,أوحى إلى,"20:38, 28:7"
435,125,14,NURSED,,أرضعته,"28:7, 28:12, 28:13"
436,151,28,WIFE_OF,,زوجة,3:35
437,45,1,OFFERED_SACRIFICE_TO,,قرّبا قرباناً لـ,5:27
438,45,2,SONS_OF,,أبناء,5:27
439,63,13,DENIED,,كذّبوا,"26:176, 26:177"
440,1,63,PUNISHED_WITH_SHADE,,عذاب الظلّة,26:189
441,60,14,HIRED,,استأجروا,"28:26, 28:27"
442,76,25,HELPERS_OF,,أنصار,"3:52, 5:111, 61:14"
443,77,31,FOLLOWED,,تبعوا,"11:97, 28:8, 40:46"
444,77,97,DESTINED_FOR,,مصيرهم,"3:11, 8:52, 28:42, 40:46"
445,149,77,MEMBER_OF,,من,40:28
446,149,1,BELIEVED_IN,,آمن بـ,40:28
447,27,25,CONCEIVED,,حملت بـ,"19:22, 3:47"
448,27,28,DAUGHTER_OF,,ابنة,"3:36, 66:12"
449,1,27,PURIFIED_AND_CHOSE,,طهّر واصطفى,3:42
450,148,26,FOLLOWED,,اتّبعوا,"3:32, 4:59, 8:1, 33:21"
451,148,80,BELIEVED_IN,,آمنوا بـ,"2:3, 2:4, 2:121, 2:177"
452,74,1,WERE_UNGRATEFUL_TO,,كفروا بنعمة,"34:15, 34:16, 34:17"
453,33,104,SWALLOWED_BY,,خُسف به,"28:81, 29:40"
454,33,1,REBELLED_AGAINST,,بغى,"28:76, 28:78"
455,3,1,TRUTHFUL_PROPHET_OF,,صدّيق نبي,"19:56, 19:57"
456,1,3,RAISED_TO_HIGH_STATION,,رفع مكاناً عليّاً,19:57
457,19,1,PATIENT_SERVANT_OF,,صابر,"21:85, 38:48"
458,20,1,GLORIFIED_IN_WHALE,,سبّح في بطن الحوت,"21:87, 37:143, 37:144"
459,1,20,GREW_GOURD_OVER,,أنبت عليه شجرة يقطين,37:146
460,18,1,PATIENT_WITH_TRIALS_FROM,,صبر على البلاء من,"21:83, 38:41, 38:44"
461,16,1,GLORIFIED,,سبّح,"34:10, 38:17, 38:18"
462,16,164,MOUNTAINS_GLORIFIED_WITH,,سبّحت معه,"21:79, 34:10, 38:18"
463,17,137,SUMMONED,,استدعى,"27:27, 27:28, 27:29, 27:38, 27:42"
464,17,145,WIND_SUBJUGATED_TO,,سُخّرت له,"21:81, 34:12, 38:36"
465,1,23,SENT,,أرسل,"6:85, 19:2, 21:89"
466,1,23,ANSWERED_PRAYER_OF,,استجاب دعاء,"3:38, 3:39, 19:7, 21:90"
467,23,1,PRAYED_TO,,دعا,"3:38, 19:4, 19:5, 21:89"
468,1,24,SENT,,أرسل,"6:85, 19:7"
469,1,24,NAMED,,سمّاه,19:7
470,1,24,GAVE_WISDOM_AS_CHILD,,آتاه الحكم صبياً,19:12
471,1,10,GAVE_GLAD_TIDINGS_OF,,بشّر بـ,"11:71, 37:112, 51:28"
472,1,10,BLESSED,,بارك,37:113
473,1,3,RAISED_TO_HIGH_PLACE,,رفع مكاناً علياً,19:57
474,1,19,CHOSE,,اصطفى,"21:85, 38:48"
475,1,9,SENT,,أرسل,"2:136, 4:163, 6:86"
476,9,1,WAS_PATIENT_WITH,,صبر,37:102
477,1,11,BLESSED,,بارك,"11:71, 21:72"
478,11,1,ADVISED_SONS_TO_WORSHIP,,أوصى أبناءه بعبادة,"2:132, 2:133"
479,1,12,GAVE_INTERPRETATION_OF_DREAMS,,آتى علم تأويل الأحاديث,"12:6, 12:21, 12:22, 12:101"
480,12,1,PRAYED_TO,,دعا,"12:33, 12:101"
481,4,1,PRAYED_TO,,دعا,"11:45, 11:47, 23:26, 54:10, 71:26"
482,1,4,ANSWERED_PRAYER_OF,,استجاب,"21:76, 37:75, 54:11"
483,5,1,RELIED_ON,,توكّل على,11:56
484,6,1,CALLED_TO_WORSHIP,,دعا قومه لعبادة,"7:73, 11:61"
485,13,1,RELIED_ON,,توكّل على,11:88
486,8,1,PRAYED_TO,,دعا,"26:169, 29:26"
487,1,8,SAVED,,أنجى,"7:83, 11:81, 15:59, 21:71, 26:170, 27:57, 29:32, 29:33"
488,7,1,PRAYED_TO,,دعا,"2:126, 2:127, 2:128, 2:129, 14:35, 14:37, 14:40, 26:83"
489,1,7,ANSWERED_PRAYER_OF,,استجاب,"2:127, 14:39, 21:69"
490,14,1,PRAYED_TO,,دعا,"7:151, 7:155, 10:88, 20:25, 20:114, 28:16"
491,25,1,WORSHIPPED,,عبد,"5:72, 5:117, 19:30"
492,26,1,RELIED_ON,,توكّل على,"3:159, 8:61, 9:51, 33:3, 33:48"
493,1,26,SUPPORTED_WITH_VICTORY,,أيّد بالنصر,"3:123, 8:10, 48:1, 48:3, 110:1"
494,1,26,PROTECTED,,عصم من الناس,5:67
495,34,153,WORSHIPPED,,عبد,6:74
496,7,34,CALLED_TO_MONOTHEISM,,دعاه للتوحيد,"6:74, 19:42, 19:43, 19:44, 19:45, 19:46"
497,40,89,LIVED_IN,,عاشت في,12:30
498,40,1,CONFESSED_BEFORE,,اعترفت بذنبها أمام,"12:32, 12:51"
499,1,30,EMPOWERED,,مكّن في الأرض,"18:84, 18:92"
500,30,1,FOLLOWED_COMMAND_OF,,اتّبع أمر,"18:86, 18:88, 18:91, 18:98"
501,33,31,FROM_ERA_OF,,من عصر,"28:76, 29:39"
502,1,15,CHOSE,,اصطفى,"19:53, 20:30, 20:36"
503,21,55,CALLED_HIS_PEOPLE,,دعا قومه,"37:124, 37:125, 37:126"
504,22,55,PROPHET_OF,,من أنبياء,"6:86, 38:48"
505,24,55,PROPHET_AMONG,,نبي في,"3:39, 19:12, 19:14"
506,24,23,SON_OF,,ابن,"3:39, 19:7"
507,10,7,SON_OF,,ابن,"11:71, 14:39, 37:112"
508,100,57,HOMELAND_OF,,موطن,46:21
509,101,57,CITY_OF,,مدينة,89:7
510,102,58,HOMELAND_OF,,موطن,15:80
511,98,107,ON_DAY_OF,,يوم,"7:46, 7:48, 7:49"
512,130,60,BELONGED_TO_POOR,,كانت لمساكين,18:79
513,131,44,KILLED_FOR_WISDOM,,قتله لحكمة,"18:80, 18:81"
514,132,44,BUILT_TO_PROTECT_TREASURE,,أقامه ليحمي كنز يتيمين,18:82
515,1,125,RETURNED_MOSES_TO,,ردّ إليها موسى,"20:40, 28:13"
516,127,97,DESTINED_FOR,,مصيرها,66:10
517,128,97,DESTINED_FOR,,مصيرها,66:10
518,128,59,MEMBER_OF,,من,"7:83, 11:81, 15:60, 27:57"
519,135,89,RULED,,حكم,"12:43, 12:50, 12:54"
520,135,12,SUMMONED,,استدعى,"12:50, 12:54"
521,45,104,FIRST_MURDER_ON,,أول قتل على,"5:27, 5:30"
522,150,31,CHALLENGED_MOSES_FOR,,تحدّوا موسى بأمر,"7:112, 7:113, 7:116, 20:60, 26:38, 26:43"
523,76,1,BELIEVED_IN,,آمنوا بـ,"3:52, 5:111, 61:14"
524,164,17,SUBJUGATED_TO,,سُخّرت لـ,"21:79, 34:10, 38:18"
525,137,1,SUBMITTED_TO,,أسلمت لـ,27:44
526,99,55,LEARNED_MAGIC_IN,,تعلّموا السحر في,2:102
527,1,65,DESTROYED,,دمّر,"105:1, 105:2, 105:3, 105:4, 105:5"
528,1,90,MADE_SACRED,,جعل حرماً آمناً,"2:125, 3:96, 3:97, 5:97"
529,96,107,BROUGHT_NEAR_ON,,تقرّب يوم,"26:90, 50:31, 81:13"
530,97,107,BLAZING_ON,,تسعّر يوم,"81:12, 82:4"
531,158,1,ANGEL_OF,,ملاك,78:18
532,159,1,ANGEL_OF,,ملاك,43:77
533,1,106,SENT_UPON_PEOPLE_OF_NOAH,,أرسل على قوم نوح,"7:64, 11:40, 29:14"
534,1,163,SPLIT,,فلق,"2:50, 7:138, 26:63"
535,1,55,COMMANDED_TO_SLAUGHTER,,أمر بذبح,2:67
536,1,165,COMMANDED_SLAUGHTER_OF,,أمر بذبحها,"2:67, 2:71"
537,14,55,CONVEYED_COW_COMMAND_TO,,أبلغهم أمر البقرة,2:67
538,55,165,ASKED_ABOUT,,سألوا عن صفاتها,"2:68, 2:69, 2:70"
539,55,165,SLAUGHTERED,,ذبحوها,2:71
540,165,55,REVIVED_DEAD_FOR,,أحيت قتيلاً لـ,"2:72, 2:73"
541,166,17,INFORMED_ABOUT_SHEBA,,أخبر عن سبأ,"27:22, 27:28"
542,17,166,NOTICED_ABSENCE_OF,,تفقّد غيابه,27:20
543,17,166,THREATENED,,هدّد بالعذاب,27:21
544,166,137,REPORTED_THRONE_OF,,أخبر عن عرشها,27:23
545,167,17,WARNED_COLONY_ABOUT,,حذّرت قومها من جيش,27:18
546,17,167,HEARD_SPEECH_OF,,سمع كلامها,27:19
547,168,45,TAUGHT_BURIAL,,علّم دفن الميت,5:31
548,1,168,SENT_TO_TEACH_BURIAL,,أرسل ليعلّم الدفن,5:31
549,169,66,ACCOMPANIED,,رافق,"18:18, 18:22"
550,169,133,SLEPT_AT_ENTRANCE_OF,,نام عند باب,18:18
551,129,170,CLAIMED_ATE_JOSEPH,,ادّعوا أنه أكل يوسف,"12:13, 12:14, 12:17"
552,11,170,FEARED_FOR_JOSEPH,,خشي على يوسف منه,12:13
553,170,12,DID_NOT_EAT,,لم يأكله,"12:17, 12:18"
554,177,12,PROOF_OF_INNOCENCE,,دليل براءة,"12:25, 12:26, 12:27, 12:28"
555,177,11,RESTORED_SIGHT_OF,,أعاد له البصر,"12:93, 12:96"
556,129,177,STAINED_WITH_FALSE_BLOOD,,لطّخوه بدم كذب,12:18
557,129,177,CARRIED_TO_FATHER,,حملوه لأبيهم,12:93
558,155,190,PASSED_BY,,مرّ عليها,2:259
559,1,155,CAUSED_TO_DIE_100_YEARS,,أماته مئة عام,2:259
560,1,155,RESURRECTED_AFTER_100_YEARS,,بعثه بعد مئة عام,2:259
561,1,171,REVIVED_BONES_OF,,أحيا عظامه,2:259
562,171,155,SIGN_FOR,,آية له,2:259
563,172,1,USED_AS_PARABLE_BY,,ضُرب مثلاً,29:41
564,172,71,PARABLE_OF_WEAK_PROTECTORS,,مثل ضعف أوليائهم,29:41
565,1,173,INSPIRED,,أوحى إليها,16:68
566,173,142,HEALING_FOR,,فيها شفاء للناس,16:69
567,174,55,FROM,,من,"2:65, 7:163"
568,174,1,VIOLATED_SABBATH_OF,,اعتدوا في السبت,"2:65, 7:163, 7:164"
569,1,174,TRANSFORMED_TO_APES,,مسخهم قردة,"2:65, 7:166"
570,1,179,SENT_UPON_PHARAOH,,أرسل على فرعون,7:133
571,179,79,AFFLICTED,,ابتلت,"7:130, 7:133, 7:134, 7:135"
572,179,31,DID_NOT_BELIEVE_DESPITE,,لم يؤمن رغمها,"7:133, 7:134, 7:135, 7:136"
573,56,180,WORSHIPPED,,عبدوا,71:23
574,180,181,INCLUDES,,منها,71:23
575,180,182,INCLUDES,,منها,71:23
576,180,183,INCLUDES,,منها,71:23
577,180,184,INCLUDES,,منها,71:23
578,180,185,INCLUDES,,منها,71:23
579,21,186,FORBADE_WORSHIP_OF,,نهى قومه عن عبادة,37:125
580,186,55,WORSHIPPED_BY_SOME,,عُبد من قبل بعض,37:125
581,64,187,WORSHIPPED,,عبدوا,53:19
582,64,188,WORSHIPPED,,عبدوا,53:19
583,64,189,WORSHIPPED,,عبدوا,53:20
584,137,178,SAT_ON,,جلست على,27:23
585,17,178,ORDERED_BROUGHT,,أمر بإحضاره,27:38
586,54,178,OFFERED_TO_BRING,,عرض إحضاره,27:39
587,175,1,SWORE_WITHOUT_EXCEPTION,,أقسموا بلا استثناء,"68:17, 68:18"
588,1,175,DESTROYED_GARDEN_OF,,دمّر جنتهم,"68:19, 68:20"
589,1,176,SENT_MESSENGERS_TO,,أرسل إليهم رسلاً,"36:13, 36:14"
590,176,191,DENIED,,كذّبوا,"36:15, 36:18"
591,191,176,SENT_TO,,أُرسلوا إلى,"36:13, 36:14"
592,1,176,DESTROYED,,أهلك,36:29
593,192,1,WAS_UNGRATEFUL_TO,,كفر بنعمة,"18:35, 18:36"
594,1,192,DESTROYED_GARDENS_OF,,دمّر جنتيه,18:42
595,14,193,WATERED_FLOCKS_FOR,,سقى لهما,"28:23, 28:24"
596,193,13,DAUGHTERS_OF,,ابنتا,"28:26, 28:27"
597,193,14,HIRED,,استأجرتاه,28:26
598,12,89,MANAGED_TREASURES_OF,,حكم خزائن,"12:55, 12:56"
599,11,12,WARNED_NOT_TO_TELL_DREAM,,أوصاه ألا يقصّ رؤياه,12:5
600,78,7,THREW_IN_FIRE,,ألقوه في النار,"21:68, 37:97"
601,1,7,MADE_FIRE_COOL_FOR,,جعل النار برداً وسلاماً,21:69
602,7,1,ASKED_HOW_TO_REVIVE_DEAD,,سأل كيف تُحيي الموتى,2:260
603,1,7,COMMANDED_FOUR_BIRDS,,أمره بأربعة طيور,2:260
604,17,1,DIED_LEANING_ON_STAFF,,مات متكئاً على عصاه,34:14
605,54,17,DID_NOT_KNOW_OF_DEATH,,لم يعلموا بموته,34:14
606,27,25,GAVE_BIRTH_AT_PALM_TREE,,ولدته عند جذع النخلة,"19:23, 19:25"
607,2,1,REPENTED_TO,,تاب إلى,"2:37, 7:23, 20:122"
608,1,2,FORGAVE,,تاب عليه,"2:37, 20:122"
609,4,1,ASKED_ABOUT_SON,,سأل عن ابنه,11:45
610,1,4,TOLD_NOT_OF_FAMILY,,ليس من أهلك,11:46
611,16,55,JUDGED_BETWEEN_DISPUTANTS,,حكم بين الخصمين,"38:21, 38:22, 38:23, 38:24"
612,26,1,FROWNED_AND_TURNED,,عبس وتولّى,"80:1, 80:2"
613,4,194,STAYED_AMONG_PEOPLE,,لبث في قومه,29:14
614,14,195,MET_GOD_FOR,,واعد الله,"2:51, 7:142"
615,14,198,COMPLETED_APPOINTMENT,,أتمّ الميقات,7:142
616,55,196,WANDERED_FOR,,تاهوا,5:26
617,155,197,DIED_FOR,,أماته الله,2:259
618,32,199,BUILT,,بنى,"28:38, 40:36, 40:37"
619,31,199,ORDERED_BUILT,,أمر ببنائه,"28:38, 40:36"
620,30,200,BUILT,,بنى,"18:95, 18:96, 18:97"
621,200,75,TO_BLOCK,,لحجز,"18:94, 18:95, 18:97"
622,1,200,DESTROYED_ON_JUDGMENT_DAY,,يُدكّ يوم القيامة,"18:98, 21:96"
623,58,201,GIVEN_RESPITE,,أمهلوا,11:65
624,23,202,COULD_NOT_SPEAK_FOR,,لم يكلم الناس,19:10
625,27,201,COULD_NOT_SPEAK_FOR,,لم تكلم الناس,19:26
626,1,203,GUSHED_FROM_ROCK,,فجّر من الحجر,"2:60, 7:160"
627,203,55,ONE_FOR_EACH_TRIBE,,لكل سبط عين,"2:60, 7:160"
628,1,204,SENT_DOWN_FOR,,أنزل على بني إسرائيل,"2:57, 7:160, 20:80"
629,204,55,FOOD_FOR,,طعام لـ,"2:57, 7:160, 20:80"
630,1,205,SHADED_OVER,,ظلّل على بني إسرائيل,"2:57, 7:160"
631,206,17,ATE_THROUGH_CAUSING_FALL,,تآكلت فسقط,34:14
632,207,1,CLAIMED_SONS_OF,,ادّعوا أنهم أبناء الله,5:18
633,207,155,CALLED_SON_OF_GOD,,قالوا ابن الله,9:30
634,207,208,IN_DISPUTE_WITH,,خلاف مع,2:113
635,207,81,BELIEVED_IN,,آمنوا بـ,"5:43, 5:44"
636,207,55,FROM,,من,"2:40, 5:12"
637,208,25,CLAIMED_SON_OF_GOD,,ادّعوا ابن الله,9:30
638,208,1,CLAIMED_TRINITY,,قالوا ثالث ثلاثة,5:73
639,208,82,BELIEVED_IN,,آمنوا بـ,"5:46, 5:47"
640,209,1,MENTIONED_WITH_BELIEVERS,,ذُكروا مع المؤمنين,"2:62, 5:69, 22:17"
641,210,1,MENTIONED_ON_JUDGMENT,,ذُكروا يوم القيامة,22:17
642,211,26,SOME_STAYED_BEHIND,,تخلّف بعضهم عن,"9:90, 9:97, 48:11, 48:16"
643,211,1,SOME_BELIEVED_IN,,منهم من آمن,9:99
644,211,1,SOME_WORST_IN_DISBELIEF,,بعضهم أشد كفراً,9:97
645,212,88,OLD_NAME_OF,,الاسم القديم لـ,33:13
646,69,212,WANTED_TO_RETURN_TO,,أرادوا الرجوع إلى,33:13
647,213,87,OLD_NAME_OF,,الاسم القديم لـ,3:96
648,1,213,PLACED_FIRST_HOUSE_IN,,جعل فيها أول بيت,3:96
649,116,214,RESTED_ON,,استوت على,11:44
650,1,14,SPOKE_TO_IN_VALLEY,,كلّمه في الوادي,"20:12, 79:16"
651,215,14,CALLED_IN,,نودي فيه,"20:12, 79:16"
652,215,91,NEAR,,قرب,20:12
653,14,216,FLED_TO,,هرب إلى,28:22
654,13,216,LIVED_IN,,عاش في,"7:85, 11:84"
655,60,216,LIVED_IN,,سكنوا,7:85
656,193,216,WATERED_IN,,سقتا فيها,28:23
657,1,217,ROSE_OVER,,استوى على,"7:54, 10:3, 13:2, 20:5, 25:59, 32:4, 57:4"
658,217,1,CARRIED_BY_ANGELS,,حملته الملائكة,"40:7, 69:17"
659,51,217,CARRY,,يحملون,"40:7, 69:17"
660,218,1,ENCOMPASSES_HEAVENS_AND_EARTH,,وسع السماوات والأرض,2:255
661,80,219,PRESERVED_IN,,محفوظ في,85:22
662,1,220,SWORE_BY,,أقسم بـ,68:1
663,1,220,TAUGHT_MAN_WITH,,علّم به الإنسان,96:4
664,221,107,SET_UP_ON,,توضع يوم,"7:8, 21:47, 101:6"
665,1,221,WEIGHS_DEEDS_WITH,,يزن الأعمال بـ,"7:8, 21:47"
666,222,107,SET_ON,,يُنصب يوم,"37:23, 36:66"
667,1,222,GUIDES_TO_STRAIGHT,,يهدي إلى المستقيم,"1:6, 6:161"
668,223,107,BETWEEN_DEATH_AND,,بين الموت ويوم,23:100
669,142,223,ENTERS_AFTER_DEATH,,يمرّ بـ بعد الموت,23:100
670,224,97,GROWS_IN,,تنبت في,"37:64, 44:43"
671,224,97,FOOD_OF_PEOPLE_OF,,طعام أهل النار,"37:66, 44:44, 56:52"
672,1,224,MADE_AS_TRIAL,,جعل فتنة للظالمين,37:63
673,1,225,GAVE_TO_MUHAMMAD,,أعطى لمحمد,108:1
674,225,26,GIVEN_TO,,أُعطي,108:1
675,225,96,RIVER_IN,,نهر في,108:1
676,226,96,SPRING_IN,,عين في,76:18
677,227,96,SPRING_IN,,عين في,83:27
678,227,51,DRUNK_BY_CLOSE_ONES,,يشرب بها المقربون,83:28
679,228,96,IN,,في,13:29
680,1,228,FOR_BELIEVERS,,للذين آمنوا,13:29
681,1,68,FORETOLD_DEFEAT_OF,,أخبر بغلبهم,"30:2, 30:3"
682,1,68,FORETOLD_LATER_VICTORY,,أخبر بانتصارهم بعدها,"30:3, 30:4"
683,83,16,REVEALED_TO,,أُنزل على,"4:163, 17:55"
684,229,1,USED_AS_PARABLE,,ضُرب مثلاً,22:73
685,229,71,CANNOT_CREATE,,لا يستطيعون خلقه,22:73
686,80,230,REVEALED_IN,,أُنزل في,"97:1, 44:3"
687,230,1,BETTER_THAN_1000_MONTHS,,خير من ألف شهر,97:3
688,51,230,DESCEND_IN,,تتنزّل فيها,97:4
689,46,230,DESCENDS_IN,,ينزل فيها,97:4
690,148,231,PLEDGED_UNDER_TREE,,بايعوا تحت الشجرة,48:18
691,1,231,PLEASED_WITH_PLEDGERS,,رضي عن المبايعين,48:18
692,231,26,PLEDGED_TO,,بايعوا,"48:10, 48:18"
693,231,114,PRECEDED,,سبقت,48:18
694,27,1,CHOSEN_BY,,اصطفاها,3:42
695,27,1,DEVOUT_TO,,قانتة,66:12
696,52,54,WAS_AMONG,,كان من,18:50
697,52,51,WAS_AMONG,,كان بينهم,"2:34, 15:31, 18:50"
698,17,232,PRESENTED_TO,,عُرضت عليه,38:31
699,17,232,STRUCK_THEIR_LEGS,,مسح سوقها وأعناقها,38:33
700,233,107,EMERGES_BEFORE,,تخرج قبل,27:82
701,233,142,SPEAKS_TO,,تكلّم الناس,27:82
702,2,122,HUSBAND_OF,,زوج,"2:35, 7:19"
703,1,2,FORBADE_TREE,,نهى عن الشجرة,"2:35, 7:19"
704,9,90,CO_BUILT,,بنى مع أبيه,2:127
705,117,31,TURNED_TO_SERPENT_BEFORE,,تحولت لحية أمام,"7:107, 20:20, 26:32, 26:45"
706,15,31,CONFRONTED_WITH_MOSES,,واجه مع موسى,"7:104, 10:75, 20:47, 23:45, 26:16"
707,15,115,COULD_NOT_PREVENT,,لم يستطع منعهم,"20:90, 20:94"
708,14,15,BLAMED_ABOUT_CALF,,عاتبه على العجل,"7:150, 20:92, 20:94"
709,12,1,HAD_VISION_FROM,,رأى رؤيا,12:4
710,12,11,REUNITED_WITH,,لقي أباه في مصر,"12:99, 12:100"
711,16,1,MADE_ARMOR_BY_PERMISSION,,صنع الدروع بإذن,"21:80, 34:10, 34:11"
712,17,1,ASKED_FOR_UNIQUE_KINGDOM,,طلب ملكاً لا ينبغي لأحد,38:35
713,54,17,BUILT_STRUCTURES_FOR,,بنوا له محاريب وتماثيل,34:13
714,4,116,CARRIED_PAIRS,,حمل من كل زوجين,"11:40, 23:27"
715,7,1,SHOWN_KINGDOM_OF_HEAVENS,,رأى ملكوت السماوات,6:75
716,7,1,ARGUED_WITH_STARS,,حاجّ قومه بالكواكب,"6:76, 6:77, 6:78, 6:80"
717,8,59,OFFERED_DAUGHTERS,,عرض بناته بديلاً,"11:78, 15:71"
718,51,59,CAME_TO_DESTROY,,جاؤوا لإهلاك,"11:77, 11:81, 15:61"
719,51,7,GAVE_GLAD_TIDINGS_OF_ISAAC,,بشّروه بإسحاق,"11:69, 11:71, 15:53, 51:28"
720,51,8,WARNED_OF_PUNISHMENT,,أنذروه بالعذاب,"11:81, 15:65"
721,25,1,CREATED_BIRD_FROM_CLAY,,خلق من الطين كهيئة الطير,"3:49, 5:110"
722,25,76,ASKED_FOR_HELPERS,,سأل من أنصاري إلى الله,"3:52, 61:14"
723,55,25,ATTEMPTED_TO_KILL,,أرادوا قتله,4:157
724,26,80,RECEIVED,,تلقّى,"2:185, 96:1, 73:1"
725,26,64,EMIGRATED_FROM_PERSECUTION,,هاجر من بطشهم,"8:30, 9:40"
726,1,26,DID_NOT_ABANDON,,ما ودّعك وما قلى,93:3
727,1,26,EXPANDED_CHEST_OF,,شرح صدره,94:1
728,31,14,PURSUED,,طارد,"20:78, 26:60"
729,31,1,BELIEVED_WHEN_DROWNING,,آمن عند الغرق,"10:90, 10:91"
730,1,31,PRESERVED_BODY_AS_SIGN,,حفظ جسده آية,10:92
731,55,14,ASKED_TO_SEE_GOD,,طلبوا رؤية الله,"2:55, 4:153, 7:155"
732,55,14,COMPLAINED_ABOUT_FOOD,,اشتكوا من الطعام,2:61
733,55,1,BROKE_COVENANT,,نقضوا الميثاق,"2:83, 4:155, 5:13"
734,55,1,KILLED_PROPHETS,,قتلوا الأنبياء,"2:61, 2:87, 3:21, 4:155"
735,55,14,WORSHIPPED_CALF_IN_ABSENCE,,عبدوا العجل في غيابه,"2:51, 7:148, 20:85"
736,1,66,SEALED_EARS,,ضرب على آذانهم,18:11
737,44,1,SERVANT_WITH_MERCY,,عبد آتاه رحمة وعلماً,18:65
738,14,44,ASKED_TO_FOLLOW,,طلب أن يتبعه,18:66
739,44,14,CONDITIONED_NO_QUESTIONS,,اشترط عدم السؤال,18:70
740,30,104,REACHED_WEST,,بلغ مغرب الشمس,18:86
741,30,104,REACHED_EAST,,بلغ مطلع الشمس,18:90
742,1,18,COMMANDED_TO_STRIKE_GROUND,,أمره بضرب الأرض برجله,38:42
743,1,18,RESTORED_FAMILY_DOUBLED,,وهب له أهله ومثلهم,"21:84, 38:43"
744,20,1,LEFT_IN_ANGER,,ذهب مغاضباً,21:87
745,20,142,SENT_TO_100000,,أُرسل إلى مائة ألف,37:147
746,54,1,SOME_MUSLIM_SOME_DEVIANT,,منهم مسلمون ومنهم قاسطون,"72:14, 72:15"
747,51,1,NEVER_DISOBEY,,لا يعصون ما أمرهم,"66:6, 21:19, 21:20"
748,51,142,RECORD_DEEDS,,يكتبون الأعمال,"82:10, 82:11, 50:17, 50:18"
749,51,148,SEEK_FORGIVENESS_FOR,,يستغفرون للمؤمنين,"40:7, 42:5"
750,64,1,TRADE_JOURNEYS_FROM,,إيلاف رحلة الشتاء والصيف,"106:1, 106:2"
751,69,26,FALSELY_TESTIFIED,,شهدوا كذباً,63:1
752,69,111,STAYED_BEHIND_IN,,تخلّفوا في,"3:167, 3:168"
753,7,84,RECEIVED,,أُنزلت عليه,"87:19, 53:36"
754,2,121,FATHER_OF_HUMANITY,,أبو البشر,"2:30, 2:31, 2:34"
755,122,2,WIFE_OF,,زوجة,"2:35, 7:19, 4:1"
756,2,45,FATHER_OF,,أبو,5:27
757,7,34,SON_OF,,ابن,6:74
758,7,9,FATHER_OF,,أب,"2:125, 14:39, 2:127"
759,7,10,FATHER_OF,,أب,"11:71, 14:39, 37:112"
760,10,11,FATHER_OF,,أب,"11:71, 21:72, 29:27"
761,11,12,FATHER_OF,,أب,"12:4, 12:16, 12:67"
762,11,123,ALSO_KNOWN_AS,,يُسمى أيضاً,"3:93, 19:58"
763,28,27,FATHER_OF,,أب,"3:35, 3:36, 66:12"
764,27,25,MOTHER_OF,,أم,"3:36, 19:22, 23:50"
765,23,27,GUARDIAN_OF,,كفل,3:37
766,23,24,FATHER_OF,,أب,"3:39, 19:7, 21:90"
767,4,124,FATHER_OF,,أب,"11:42, 11:45, 11:46"
768,8,7,NEPHEW_OF,,ابن أخ,"29:26, 21:71"
769,14,15,BROTHER_OF,,أخ,"20:30, 7:142, 28:34"
770,14,125,SON_OF,,ابن,"28:7, 20:38, 20:40"
771,16,17,FATHER_OF,,أب,"27:16, 34:13, 21:78"
772,31,35,HUSBAND_OF,,زوج,"28:9, 66:11"
773,41,42,HUSBAND_OF,,زوج,111:4
774,26,147,MARRIED,,تزوج,33:37
775,43,26,ADOPTED_BY,,تبنّاه,33:37
776,43,147,DIVORCED,,طلّق,33:37
777,29,152,FATHER_OF,,أب,"31:13, 31:16, 31:17"
778,1,4,SENT,,أرسل,"7:59, 11:25, 23:23, 71:1"
779,1,5,SENT,,أرسل,"7:65, 11:50, 26:124"
780,1,6,SENT,,أرسل,"7:73, 11:61, 26:142"
781,1,7,SENT,,أرسل,"29:16, 21:51"
782,1,8,SENT,,أرسل,"7:80, 26:161, 29:28"
783,1,13,SENT,,أرسل,"7:85, 11:84, 29:36"
784,1,14,SENT,,أرسل,"7:103, 10:75, 20:24, 28:32, 51:38"
785,1,25,SENT,,أرسل,"3:49, 5:46, 61:6"
786,1,26,SENT,,أرسل,"33:45, 48:29, 3:144, 47:2"
787,1,16,SENT,,أرسل,"2:251, 34:10"
788,1,17,SENT,,أرسل,"27:15, 34:12, 38:30"
789,1,20,SENT,,أرسل,"10:98, 37:139, 68:48"
790,1,21,SENT,,أرسل,37:123
791,1,22,SENT,,أرسل,"6:86, 38:48"
792,1,18,SENT,,أرسل,"21:83, 38:41"
793,1,3,SENT,,أرسل,"19:56, 21:85"
794,1,19,SENT,,أرسل,"21:85, 38:48"
795,4,56,SENT_TO,,أُرسل إلى,"7:59, 11:25, 23:23, 71:1"
796,5,57,SENT_TO,,أُرسل إلى,"7:65, 11:50, 26:124, 46:21"
797,6,58,SENT_TO,,أُرسل إلى,"7:73, 11:61, 26:142, 27:45"
798,7,78,SENT_TO,,أُرسل إلى,"29:16, 21:51"
799,8,59,SENT_TO,,أُرسل إلى,"7:80, 26:161, 29:28"
800,13,60,SENT_TO,,أُرسل إلى,"7:85, 11:84, 29:36"
801,13,63,SENT_TO,,أُرسل إلى,26:176
802,14,31,SENT_TO,,أُرسل إلى,"7:103, 10:75, 20:24, 43:46, 51:38, 73:15, 79:17"
803,14,55,SENT_TO,,أُرسل إلى,"2:49, 7:105, 17:101, 20:47, 26:17"
804,25,55,SENT_TO,,أُرسل إلى,"3:49, 5:72, 43:59, 61:6"
805,26,142,SENT_TO,,أُرسل إلى,"7:158, 21:107, 34:28, 4:79"
806,1,2,COMMANDED_PROSTRATION_TO,,أمر بالسجود لـ,"2:34, 7:11, 15:29, 17:61, 18:50, 20:116"
807,51,2,PROSTRATED_TO,,سجدوا لـ,"2:34, 7:11, 15:30, 17:61, 18:50, 20:116"
808,52,2,REFUSED_PROSTRATION_TO,,رفض السجود لـ,"2:34, 7:11, 15:31, 17:61, 18:50, 20:116, 38:74"
809,52,2,WAS_ARROGANT_TOWARD,,استكبر على,"2:34, 7:12, 38:76"
810,52,2,TEMPTED,,أغوى,"2:36, 7:20, 20:120"
811,53,121,ENEMY_OF,,عدو لـ,"2:168, 2:208, 7:22, 12:5, 35:6, 36:60"
812,55,115,WORSHIPPED,,عبدوا,"2:51, 2:92, 7:148, 20:88"
813,36,115,MADE,,صنع,"20:85, 20:87, 20:95"
814,7,90,BUILT,,بنى,2:127
815,9,90,BUILT,,بنى,2:127
816,7,153,DESTROYED,,حطّم,"21:58, 37:93"
817,1,80,REVEALED,,أنزل,"2:185, 17:106, 25:1, 76:23, 97:1"
818,1,26,REVEALED_TO,,أنزل,"2:185, 47:2, 48:29"
819,1,81,REVEALED,,أنزل,"3:3, 3:93, 5:44"
820,1,14,REVEALED_TORAH_TO,,أنزل التوراة على,"2:53, 6:91, 11:110, 23:49, 25:35, 28:43"
821,1,82,REVEALED,,أنزل,"3:3, 5:46, 57:27"
822,1,25,REVEALED_GOSPEL_TO,,أنزل الإنجيل على,"5:46, 57:27"
823,1,83,REVEALED,,أنزل,"4:163, 17:55"
824,1,16,REVEALED_PSALMS_TO,,أنزل الزبور على,"4:163, 17:55"
825,1,84,REVEALED,,أنزل,"87:19, 53:36"
826,1,14,GAVE,,أعطى,"2:53, 7:145"
827,14,86,RECEIVED,,تلقّى,"7:145, 7:150, 7:154"
828,56,4,DENIED,,كذّبوا,"7:59, 11:32, 23:25, 26:105, 54:9, 71:21"
829,57,5,DENIED,,كذّبوا,"7:65, 11:53, 26:123, 41:15, 46:21, 54:18"
830,58,6,DENIED,,كذّبوا,"7:73, 11:62, 26:141, 27:45, 54:23, 91:11"
831,78,7,DENIED,,كذّبوا,"21:68, 29:16, 29:24, 37:97"
832,59,8,DENIED,,كذّبوا,"7:80, 26:160, 27:56, 54:33"
833,60,13,DENIED,,كذّبوا,"7:85, 11:84, 26:176, 29:36"
834,31,14,DENIED,,كذّب,"10:75, 20:56, 23:45, 26:23, 40:24, 43:46, 79:21"
835,77,14,DENIED,,كذّبوا,"3:11, 8:52, 8:54, 54:41"
836,55,25,DENIED,,كذّبوا,"3:52, 5:70, 61:14"
837,64,26,DENIED,,كذّبوا,"6:33, 10:2, 25:4, 34:43, 38:4"
838,71,26,DENIED,,كذّبوا,"6:33, 25:4, 34:43"
839,1,56,DROWNED,,أغرق,"7:64, 10:73, 11:37, 23:27, 25:37, 26:120, 29:14, 71:25"
840,1,57,DESTROYED_BY_WIND,,أهلك بالريح,"7:72, 41:16, 46:25, 51:41, 54:19, 69:6"
841,1,58,DESTROYED_BY_BLAST,,أهلك بالصيحة,"7:78, 11:67, 15:83, 41:17, 51:44, 54:31, 69:5, 91:14"
842,1,59,DESTROYED_BY_OVERTURN,,أهلك بالخسف,"7:84, 11:82, 15:74, 26:173, 27:58, 29:34, 54:34"
843,1,31,DROWNED,,أغرق,"2:50, 7:136, 8:54, 10:90, 17:103, 20:78, 26:66, 28:40, 43:55, 44:24"
844,1,77,DROWNED,,أغرق,"2:49, 3:11, 8:54"
845,1,33,SWALLOWED_EARTH,,خسف بـ,"28:81, 29:40"
846,1,63,DESTROYED,,أهلك,"15:78, 26:189"
847,1,65,SENT_BIRDS_AGAINST,,أرسل طيراً أبابيل على,105:3
848,1,60,DESTROYED,,أهلك,"7:91, 11:94, 29:37"
849,58,119,KILLED,,عقروا,"7:77, 11:65, 26:157, 54:29, 91:14"
850,1,2,TAUGHT_NAMES_TO,,علّم الأسماء,2:31
851,1,14,SPLIT_SEA_FOR,,فلق البحر لـ,"2:50, 7:138, 20:77, 26:63, 44:24"
852,1,14,SPOKE_TO,,كلّم,"4:164, 7:143, 7:144, 19:52, 20:11, 28:30"
853,14,117,THREW,,ألقى,"7:107, 20:20, 26:32, 27:10, 28:31"
854,25,1,RAISED_DEAD_BY_PERMISSION_OF,,أحيا الموتى بإذن,"3:49, 5:110"
855,25,1,HEALED_BY_PERMISSION_OF,,أبرأ الأكمه والأبرص بإذن,"3:49, 5:110"
856,25,55,SPOKE_IN_CRADLE,,تكلّم في المهد,"3:46, 5:110, 19:29"
857,17,54,WAS_GIVEN_POWER_OVER,,سُخّر له,"27:17, 34:12, 38:36"
858,17,146,TAUGHT_LANGUAGE_OF,,علّمه الله منطق,27:16
859,17,145,WAS_GIVEN_POWER_OVER,,سُخّر له,"21:81, 34:12, 38:36"
860,1,16,SOFTENED_IRON_FOR,,ألان الحديد لـ,34:10
861,1,16,GAVE_WISDOM_TO,,آتى الحكمة,"2:251, 38:20"
862,1,29,GAVE_WISDOM_TO,,آتى الحكمة,31:12
863,1,38,GAVE_KINGSHIP_TO,,آتى الملك,2:247
864,4,116,BUILT,,بنى,"11:37, 23:27, 54:13"
865,1,116,SAVED_IN,,أنجى في,"11:40, 23:27, 29:15"
866,1,25,RAISED,,رفع,"3:55, 4:158"
867,1,66,PUT_TO_SLEEP,,ألقى النوم على أصحاب,"18:11, 18:18, 18:25"
868,20,136,SWALLOWED_BY,,ابتلعه,"37:142, 68:48"
869,1,20,SAVED_FROM_WHALE,,أنجى من الحوت,"21:87, 37:143"
870,1,7,TESTED,,ابتلى,"2:124, 37:102"
871,1,18,TESTED,,ابتلى,"21:83, 38:41"
872,1,11,TESTED,,ابتلى,"12:18, 12:86"
873,1,12,TESTED,,ابتلى,"12:33, 12:35"
874,1,7,SAVED_FROM_FIRE,,نجّى من النار,"21:69, 29:24, 37:97"
875,1,18,HEALED,,شفى,"21:84, 38:42"
876,129,12,THREW_IN_WELL,,ألقوا في الجبّ,"12:10, 12:15"
877,39,12,BOUGHT,,اشترى,12:21
878,40,12,SEDUCED,,راودت,"12:23, 12:26, 12:30, 12:32, 12:51"
879,12,89,IMPRISONED_IN,,سُجن في,"12:33, 12:35, 12:36"
880,12,135,INTERPRETED_DREAM_OF,,فسّر حلم,"12:43, 12:47, 12:54"
881,12,89,BECAME_MINISTER_OF,,عزيز,"12:54, 12:56"
882,12,129,FORGAVE,,سامح,12:92
883,11,12,LOST_SIGHT_GRIEVING,,فقد البصر حزناً على,12:84
884,11,12,REGAINED_SIGHT_BY_SHIRT_OF,,استعاد البصر بقميص,12:96
885,14,31,DEMANDED_FROM,,طلب من,"7:105, 20:47, 26:17"
886,31,55,ENSLAVED,,استعبد,"2:49, 7:127, 7:141, 14:6, 28:4"
887,31,55,KILLED_SONS_OF,,قتل أبناء,"2:49, 7:127, 7:141, 14:6, 28:4"
888,125,14,CAST_IN_RIVER,,ألقت في اليمّ,"20:39, 28:7"
889,35,14,PICKED_UP,,التقطت,28:9
890,35,1,BELIEVED_IN,,آمنت بـ,66:11
891,32,31,MINISTER_OF,,وزير,"28:6, 28:38, 29:39, 40:24, 40:36"
892,33,14,FROM_PEOPLE_OF,,من قوم,28:76
893,33,55,OPPRESSED,,بغى على,28:76
894,14,126,KILLED,,قتل,"28:15, 28:33, 26:14"
895,14,13,MARRIED_DAUGHTER_OF,,تزوج بنت,"28:27, 28:28"
896,14,44,ACCOMPANIED,,صاحَبَ,"18:66, 18:71, 18:74, 18:78"
897,44,130,DAMAGED,,خرق,"18:71, 18:79"
898,44,131,KILLED,,قتل,"18:74, 18:80"
899,44,132,REPAIRED,,أقام,"18:77, 18:82"
900,16,37,KILLED,,قتل,2:251
901,38,55,LED,,قاد,"2:247, 2:249"
902,1,16,GAVE_KINGSHIP_TO,,آتى,"2:251, 38:20"
903,17,16,INHERITED_KINGDOM_FROM,,ورث ملك,27:16
904,137,74,RULED,,حكمت,"27:23, 27:32"
905,17,137,SENT_LETTER_TO,,راسل,"27:28, 27:31"
906,137,17,SUBMITTED_WITH,,أسلمت مع,27:44
907,1,55,TOOK_COVENANT_FROM,,أخذ ميثاق من,"2:40, 2:63, 2:83, 2:84, 2:93, 5:12, 5:70"
908,1,139,TOOK_COVENANT_FROM,,أخذ ميثاق من,"3:81, 33:7"
909,1,2,TOOK_COVENANT_FROM,,أخذ ميثاق من,20:115
910,7,87,PRAYED_FOR,,دعا الله لـ,"2:126, 14:35, 14:37"
911,7,26,PRAYED_FOR_SENDING,,دعا الله لإرسال,2:129
912,76,25,BELIEVED_IN,,آمنوا بـ,"3:52, 5:111, 61:14"
913,35,1,PRAYED_TO,,دعت,66:11
914,149,14,DEFENDED,,دافع عن,40:28
915,150,14,BELIEVED_IN,,آمنوا بـ,"7:120, 20:70, 26:46"
916,31,150,THREATENED,,هدّد,"7:124, 20:71, 26:49"
917,52,54,WAS_FROM,,كان من,18:50
918,1,52,GAVE_RESPITE_TO,,أنظر,"7:15, 15:37, 38:80"
919,52,154,VOWED_TO_MISLEAD,,توعّد,"7:16, 15:39, 17:62"
920,1,52,CURSED,,لعن,"4:118, 7:18, 15:35, 38:78"
921,1,52,EXPELLED,,طرد,"7:13, 7:18, 15:34, 38:77"
922,46,26,BROUGHT_REVELATION_TO,,نزل بالوحي على,"2:97, 26:193, 53:5, 81:19"
923,46,27,APPEARED_TO,,تمثّل لـ,19:17
924,46,25,SUPPORTED,,أيّد,"2:87, 2:253, 5:110"
925,51,110,DESCENDED_IN,,نزلوا في,"3:123, 3:124, 3:125, 8:9"
926,49,99,SENT_TO,,أُنزل في,2:102
927,50,99,SENT_TO,,أُنزل في,2:102
928,49,142,TAUGHT_MAGIC_TO,,علّما,2:102
929,50,142,TAUGHT_MAGIC_TO,,علّما,2:102
930,30,75,BUILT_BARRIER_AGAINST,,بنى السد ضد,"18:94, 18:95, 18:96"
931,30,104,EMPOWERED_IN,,مكّنه الله في,18:84
932,75,104,CORRUPT_IN,,يُفسدون في,"18:94, 21:96"
933,66,133,FLED_TO,,لجؤوا إلى,"18:10, 18:16"
934,66,1,BELIEVED_IN,,آمنوا بـ,18:13
935,66,134,SLEPT_FOR,,ناموا,18:25
936,25,120,PRAYED_FOR,,دعا الله بـ,5:114
937,1,120,SENT_DOWN,,أنزل,5:115
938,76,120,REQUESTED,,طلبوا,5:112
939,7,87,MIGRATED_TO,,هاجر إلى,14:37
940,7,99,MIGRATED_FROM,,هاجر من,"21:71, 29:26"
941,8,7,MIGRATED_WITH,,هاجر مع,"21:71, 29:26"
942,14,89,GREW_UP_IN,,نشأ في,"28:3, 28:14"
943,14,60,FLED_TO,,هرب إلى,"28:22, 28:25"
944,14,91,SPOKE_TO_GOD_AT,,كُلّم عند,"19:52, 20:12, 28:30, 79:16"
945,26,88,MIGRATED_TO,,هاجر إلى,"9:100, 9:117"
946,26,94,NIGHT_JOURNEY_TO,,أُسري به إلى,17:1
947,12,89,LIVED_IN,,عاش في,"12:21, 12:56, 12:99"
948,1,7,TOOK_AS_FRIEND,,اتّخذ خليلاً,4:125
949,1,14,SPOKE_DIRECTLY_TO,,كلّم تكليماً,4:164
950,25,1,WORD_OF,,كلمة الله,"3:45, 4:171"
951,25,1,SPIRIT_FROM,,روح من,4:171
952,1,2,MADE_VICEGERENT,,جعل خليفة,2:30
953,1,2,CHOSE,,اصطفى,3:33
954,1,4,CHOSE,,اصطفى,3:33
955,1,7,CHOSE_FAMILY_OF,,اصطفى آل,3:33
956,1,28,CHOSE_FAMILY_OF,,اصطفى آل,3:33
957,1,27,CHOSE,,اصطفى,3:42
958,26,139,SEAL_OF,,خاتم,33:40
959,1,55,FAVORED_OVER_ALL,,فضّل على العالمين,"2:47, 2:122, 44:32, 45:16"
960,4,56,PRAYED_AGAINST,,دعا على,"71:26, 54:10"
961,7,9,PRAYED_FOR,,دعا لـ,14:39
962,7,10,PRAYED_FOR,,دعا لـ,14:39
963,23,24,PRAYED_FOR,,دعا الله لـ,"3:38, 19:5, 21:89"
964,18,1,CALLED_UPON,,دعا,"21:83, 38:41"
965,20,136,CALLED_FROM_BELLY_OF,,دعا من بطن,"21:87, 37:143"
966,29,152,WARNED_AGAINST_POLYTHEISM,,نهى عن الشرك,31:13
967,29,152,COMMANDED_PRAYER_AND_GOOD,,أمر بالصلاة والمعروف,31:17
968,29,152,WARNED_AGAINST_ARROGANCE,,نهى عن التكبّر,31:18
969,1,107,RESURRECTS_ON,,يبعث في,"2:28, 22:7, 36:51, 50:42"
970,1,107,JUDGES_ON,,يحاسب في,"2:281, 3:25, 39:69, 40:17"
971,1,96,PREPARED_FOR_BELIEVERS,,أعدّ للمؤمنين,"2:25, 3:133, 4:57, 9:72, 47:15"
972,1,97,PREPARED_FOR_DISBELIEVERS,,أعدّ للكافرين,"2:24, 3:131, 4:56, 9:68, 14:16"
973,1,118,SENT,,أرسل,2:248
974,118,55,CARRIED_TO,,حمله إلى,2:248
975,148,110,FOUGHT_IN,,قاتلوا في,"3:13, 3:123, 8:5, 8:7"
976,148,111,FOUGHT_IN,,قاتلوا في,"3:121, 3:140, 3:152, 3:155"
977,148,112,FOUGHT_IN,,قاتلوا في,"33:9, 33:10, 33:22, 33:25"
978,148,110,WON,,انتصروا في,"3:123, 8:9, 8:10"
979,148,112,BESIEGED_IN,,حوصروا في,"33:10, 33:11"
980,26,110,LED,,قاد,"8:5, 8:42"
981,74,138,HAD,,كان لهم,"34:15, 34:16"
982,1,74,SENT_FLOOD_AGAINST,,أرسل سيل العرم على,34:16
983,25,1,NOT_SON_OF,,ليس ابن,"5:17, 5:72, 9:30, 19:35"
984,25,1,SERVANT_OF,,عبد,"4:172, 19:30, 43:59"
985,25,2,LIKENED_TO,,مثله كمثل,3:59
986,1,16,MADE_PROPHET_KING,,جعل نبيّاً ملكاً,"2:251, 38:20"
987,1,17,MADE_PROPHET_KING,,جعل نبيّاً ملكاً,"27:15, 38:30"
988,124,116,REFUSED_TO_BOARD,,رفض ركوب,"11:42, 11:43"
989,127,4,BETRAYED,,خانت,66:10
990,128,8,BETRAYED,,خانت,"7:83, 11:81, 15:60, 26:171, 27:57, 29:32, 29:33, 66:10"
991,41,26,UNCLE_OF,,عمّ,111:1
992,41,26,OPPOSED,,عادى,"111:1, 111:3"
993,7,9,DREAMT_OF_SACRIFICING,,رأى في المنام ذبح,37:102
994,7,9,ATTEMPTED_TO_SACRIFICE,,همّ بذبح,"37:102, 37:103, 37:107"
995,1,9,RANSOMED_WITH_SACRIFICE,,فدى بذبح عظيم,37:107
996,151,27,VOWED,,نذرت,3:35
997,27,143,WORSHIPPED_IN,,تعبّدت في,"3:37, 19:16"
998,1,27,PROVIDED_FOR,,رزق,3:37
999,1,55,SENT_MANNA_AND_QUAILS_TO,,أنزل المنّ والسلوى على,"2:57, 7:160, 20:80"
1000,1,55,GUSHED_12_SPRINGS_FOR,,فجّر لهم 12 عيناً لـ,"2:60, 7:160"
1001,1,55,SHADED_WITH_CLOUDS,,ظلّل بالغمام,"2:57, 7:160"
1002,55,144,WANDERED_IN,,تاهوا في,5:26
1003,1,26,TOOK_ON_NIGHT_JOURNEY,,أسرى بـ,17:1
1004,26,95,NIGHT_JOURNEY_FROM,,أُسري به من,17:1
1005,26,103,SAW_REVELATION_AT,,رأى عند,"53:14, 53:16"
1006,1,2,CREATED,,خلق,"2:30, 3:59, 7:11, 15:26, 15:28, 38:71"
1007,1,105,CREATED,,خلق,"2:29, 6:1, 7:54, 10:3, 21:30, 41:9"
1008,1,104,CREATED,,خلق,"2:29, 6:1, 7:54, 10:3, 21:30, 41:9"
1009,1,51,CREATED,,خلق,35:1
1010,1,54,CREATED,,خلق,"15:27, 51:56, 55:15"
1011,1,52,CREATED_FROM_FIRE,,خلق من نار,"7:12, 38:76"
1012,1,2,CREATED_FROM_CLAY,,خلق من طين,"3:59, 6:2, 7:12, 15:26, 23:12, 32:7, 38:71"
1013,4,56,CALLED_TO_MONOTHEISM,,دعا إلى التوحيد,"7:59, 11:26, 23:23, 71:2"
1014,5,57,CALLED_TO_MONOTHEISM,,دعا إلى التوحيد,"7:65, 11:50, 26:124"
1015,6,58,CALLED_TO_MONOTHEISM,,دعا إلى التوحيد,"7:73, 11:61, 26:142"
1016,13,60,CALLED_TO_FAIR_MEASURE,,دعا إلى العدل في الميزان,"7:85, 11:84, 26:181"
1017,11,140,FATHER_OF,,أب لـ,"2:136, 2:140, 3:84, 4:163"
1018,7,11,GRANDFATHER_OF,,جدّ,"2:133, 11:71, 29:27"
1019,7,55,GRANDFATHER_OF,,جدّ,"2:40, 2:47"
1020,9,26,ANCESTOR_OF,,جدّ,2:129
1021,26,141,ADDRESSED_ABOUT_WIVES,,قيل له عن أزواجه,"33:28, 33:30, 33:32, 33:50, 33:51, 33:52, 33:59, 66:1, 66:3, 66:4, 66:5"
1022,7,139,PATRIARCH_OF,,أبو الأنبياء,"22:78, 2:130, 3:95, 4:125, 6:161, 16:123"
1023,80,81,CONFIRMS,,مصدّق لـ,"2:41, 2:91, 2:97, 3:3, 5:48, 6:92, 46:12"
1024,80,82,CONFIRMS,,مصدّق لـ,"3:3, 5:46, 5:48"
1025,80,81,SUPERSEDES,,مهيمن على,5:48
1026,80,82,SUPERSEDES,,مهيمن على,5:48
1027,25,26,FORETOLD,,بشّر بـ,61:6
1028,81,26,FORETOLD,,بشّرت بـ,"7:157, 48:29"
1029,82,26,FORETOLD,,بشّر بـ,"7:157, 48:29"
1030,79,31,FOLLOWED,,تبعوا,"3:11, 8:52, 8:54, 54:41"
1031,79,14,DENIED,,كذّبوا,"3:11, 8:52, 8:54, 40:46, 54:41"
1032,1,79,PUNISHED,,عاقب,"3:11, 7:130, 7:133, 8:54, 54:42"
1033,79,55,ENSLAVED,,استعبدوا,"2:49, 7:127, 7:141, 14:6, 28:4"
1034,79,89,LIVED_IN,,سكنوا,"7:137, 10:87, 28:4, 43:51"
1035,1,79,SENT_PLAGUES_ON,,أرسل الطوفان والجراد على,"7:130, 7:133, 7:134, 7:135, 7:136"
1036,1,68,FORETOLD_VICTORY_OF,,تنبّأ بانتصار,"30:2, 30:3, 30:4"
1037,69,26,PRETENDED_FAITH_TO,,أظهروا الإيمان لـ,"2:8, 2:14, 4:142, 9:64, 63:1"
1038,69,1,DECEIVED,,خادعوا,"2:9, 4:142"
1039,1,69,WARNED,,توعّد,"4:145, 9:68, 33:73, 48:6, 63:6"
1040,69,148,UNDERMINED,,ثبّطوا,"3:167, 9:42, 9:45, 9:81, 33:12"
1041,69,97,DESTINED_FOR,,مصيرهم,"4:145, 9:68, 57:13"
1042,70,81,BELIEVED_IN,,آمنوا بـ,"3:23, 3:93, 4:44, 5:43"
1043,70,82,BELIEVED_IN,,آمنوا بـ,"5:47, 5:65, 5:68, 57:27"
1044,70,26,CALLED_TO_BELIEVE_IN,,دُعوا لتصديق,"3:20, 3:64, 3:110, 5:15, 98:1"
1045,70,80,CALLED_TO_BELIEVE_IN,,دُعوا للإيمان بـ,"2:41, 2:91, 3:70, 4:47"
1046,72,26,SUPPORTED,,نصروا,"8:72, 8:74, 9:100, 9:117"
1047,72,88,LIVED_IN,,سكنوا,"9:100, 9:117, 59:9"
1048,73,87,EMIGRATED_FROM,,هاجروا من,"2:218, 8:72, 8:74, 9:100, 16:110"
1049,73,88,EMIGRATED_TO,,هاجروا إلى,"2:218, 8:72, 9:100, 59:8"
1050,73,26,FOLLOWED,,اتّبعوا,"9:100, 9:117"
1051,1,72,PLEASED_WITH,,رضي عن,9:100
1052,1,73,PLEASED_WITH,,رضي عن,9:100
1053,67,1,BELIEVED_IN,,آمنوا بـ,"85:4, 85:7, 85:8"
1054,1,67,CURSED_KILLERS_OF,,لعن قاتلي,"85:4, 85:10"
1055,1,61,DESTROYED,,أهلك,"44:37, 50:14"
1056,61,26,DENIED_MESSENGERS,,كذّبوا الرسل قبل,"44:37, 50:14"
1057,1,62,DESTROYED,,أهلك,"25:38, 50:12"
1058,62,1,DENIED_MESSENGERS,,كذّبوا الرسل,"25:38, 50:12"
1059,71,1,ASSOCIATED_PARTNERS_WITH,,أشركوا بـ,"6:1, 6:22, 6:136, 16:35, 39:3"
1060,71,153,WORSHIPPED,,عبدوا,"6:74, 14:35, 21:52, 26:71, 37:85"
1061,71,26,FOUGHT,,حاربوا,"8:30, 8:36, 9:1, 9:5, 33:25"
1062,47,1,ANGEL_OF,,ملاك,2:98
1063,47,46,MENTIONED_WITH,,معاً ذُكرا,2:98
1064,48,1,TAKES_SOULS_BY_COMMAND_OF,,يقبض الأرواح بأمر,"6:61, 32:11"
1065,48,142,TAKES_SOULS_OF,,يتوفّى,"6:61, 32:11"
1066,158,107,BLOWS_TRUMPET_ON,,ينفخ في الصور يوم,"18:99, 20:102, 27:87, 36:51, 39:68, 69:13, 78:18"
1067,159,97,GUARDIAN_OF,,خازن,43:77
1068,15,55,DEPUTY_OVER,,خليفة موسى على,7:142
1069,15,14,MINISTER_OF,,وزير,"20:29, 20:30, 25:35, 28:35"
1070,1,15,SENT,,أرسل,"4:163, 6:84, 10:75, 23:45, 37:114"
1071,15,115,WARNED_AGAINST,,نهى عن عبادة,"20:90, 20:92, 20:94"
1072,39,89,RULED_IN,,حكم في,"12:21, 12:30, 12:51"
1073,36,55,MISLED,,أضلّ,"20:85, 20:87, 20:88, 20:95"
1074,14,36,PUNISHED,,عاقب,"20:95, 20:97"
1075,156,7,ARGUED_WITH,,حاجّ,2:258
1076,156,1,CLAIMED_LORDSHIP_BEFORE,,ادّعى الربوبية أمام,2:258
1077,7,156,DEBATED,,حاجّ,2:258
1078,37,38,FOUGHT,,حارب,"2:249, 2:250, 2:251"
1079,37,55,FOUGHT,,حارب,"2:249, 2:250, 2:251"
1080,38,118,CAME_WITH,,جاء بـ,2:248
1081,32,31,BUILT_TOWER_FOR,,بنى صرحاً لـ,"28:38, 40:36, 40:37"
1082,1,32,DROWNED,,أغرق,"28:40, 29:39"
1083,155,1,FALSELY_CALLED_SON_OF,,قالوا ابن,9:30
1084,155,55,REVERED_BY,,عُظّم من قبل,9:30
1085,157,31,SERVED,,خدموا,"7:113, 7:116, 20:60, 26:37, 26:38"
1086,157,14,CHALLENGED,,تحدّوا,"7:116, 20:65, 26:43, 26:44"
1087,157,1,BELIEVED_IN,,آمنوا بـ,"7:120, 7:121, 20:70, 26:46, 26:47, 26:48"
1088,31,157,THREATENED_TO_KILL,,هدّد بالقتل,"7:124, 20:71, 26:49"
1089,106,56,DESTROYED,,أهلك,"7:64, 10:73, 11:37, 25:37, 26:120, 29:14, 71:25"
1090,1,106,SENT,,أرسل,"7:64, 11:40, 29:14, 71:25"
1091,4,106,SURVIVED,,نجا من,"11:40, 23:27, 29:15, 37:76"
1092,116,106,SAVED_FROM,,نجّت من,"11:40, 23:27, 29:15, 54:13"
1093,108,95,STARTED_FROM,,انطلق من,17:1
1094,108,94,ENDED_AT,,انتهى إلى,17:1
1095,26,108,UNDERTOOK,,قام بـ,17:1
1096,109,103,REACHED,,وصل إلى,"53:14, 53:16"
1097,26,109,ASCENDED_IN,,عرج في,"53:7, 53:8, 53:9, 53:13, 53:14"
1098,46,108,ACCOMPANIED_IN,,رافق في,"53:5, 53:6, 53:7, 81:19"
1099,110,92,TOOK_PLACE_AT,,وقعت في,3:123
1100,64,110,FOUGHT_IN,,قاتلوا في,"8:5, 8:7, 8:36, 8:42, 8:48"
1101,111,161,TOOK_PLACE_AT,,وقعت في,3:121
1102,64,111,FOUGHT_IN,,قاتلوا في,"3:121, 3:140, 3:152"
1103,112,162,TOOK_PLACE_AT,,وقعت في,33:9
1104,113,87,CONQUEST_OF,,فُتحت,"48:1, 48:18, 48:27, 110:1"
1105,26,113,LED,,قاد,"48:1, 48:18, 110:1"
1106,1,113,PROMISED,,وعد بـ,"48:1, 48:27"
1107,114,26,MADE_BY,,عقد,"48:1, 48:10, 48:18"
1108,114,64,WITH,,مع,"48:1, 48:24, 48:25"
1109,1,114,CALLED_IT_VICTORY,,سمّاه فتحاً,48:1
1110,93,148,FOUGHT_AT,,قاتل فيها,"9:25, 9:26, 9:27"
1111,1,93,GAVE_VICTORY_AT,,نصر المسلمين في,"9:25, 9:26"
1112,57,100,LIVED_IN,,سكنوا,46:21
1113,57,101,BUILT,,بنوا,"89:7, 89:8"
1114,58,102,LIVED_IN,,سكنوا,15:80
1115,74,160,LIVED_IN,,سكنوا,34:15
1116,137,160,RULED,,حكمت,27:23
1117,7,8,SHELTERED,,آوى,"21:71, 29:26"
1118,14,15,ASKED_GOD_FOR_HELP_OF,,طلب من الله مساعدة,"20:29, 20:30, 20:31, 20:32, 28:34"
1119,25,26,FORETOLD_COMING_OF,,بشّر بقدوم,61:6
1120,7,26,RELIGIOUS_ANCESTOR_OF,,ملّة,"2:130, 2:135, 3:95, 4:125, 6:161, 16:123, 22:78"
1121,4,7,PRECEDED,,سبق,"3:33, 6:84, 19:58, 57:26"
1122,7,14,PRECEDED,,سبق,"2:136, 3:84, 4:163, 87:19"
1123,14,25,PRECEDED,,سبق,"2:87, 2:136, 5:46, 61:6"
1124,25,26,PRECEDED,,سبق,"3:144, 33:40, 47:2, 61:6"
1125,122,96,LIVED_IN,,سكنت في,"2:35, 7:19"
1126,122,1,DISOBEYED,,عصت,"7:22, 20:121"
1127,2,96,LIVED_IN,,سكن في,"2:35, 7:19"
1128,1,2,EXPELLED_FROM_PARADISE,,أخرج من الجنة,"2:36, 7:24, 20:123"
1129,2,104,DESCENDED_TO,,أُهبط إلى,"2:36, 7:24, 20:123"
1130,80,142,GUIDANCE_FOR,,هدى لـ,"2:185, 3:138, 10:57, 16:89, 17:9"
1131,80,85,ALSO_KNOWN_AS,,يُسمى أيضاً,25:1
1132,85,26,REVEALED_TO,,أُنزل على,25:1
1133,86,91,GIVEN_AT,,أُعطيت عند,7:145
1134,1,119,SENT_AS_SIGN,,أرسل كآية,"7:73, 11:64, 17:59, 26:155, 54:27, 91:13"
1135,116,91,RESTED_NEAR,,رست قرب,11:44
1136,96,2,INHABITED_BY,,سكن فيها,"2:35, 7:19"
1137,1,96,PREPARED_FOR_RIGHTEOUS,,أعدّ للمتقين,"3:133, 3:136, 4:57, 47:15, 57:21"
1138,52,97,LED_TO,,يُقاد إلى,"7:18, 15:43, 38:85"
1139,107,104,TRANSFORMS,,تبدّل فيه,"14:48, 18:47, 20:105, 69:14, 81:1"
1140,107,105,FOLDED_IN,,تُطوى فيه,"21:104, 39:67, 81:11"
1141,115,55,WORSHIPPED_BY,,عُبد من قبل,"2:51, 2:54, 2:92, 7:148, 7:152, 20:88"
1142,14,115,BURNED_AND_DESTROYED,,حرّق ونسف,20:97
1143,118,55,TRANQUILITY_FOR,,سكينة لـ,2:248
1144,118,38,CAME_IN_ERA_OF,,جاء في عهد,2:248
1145,120,76,SENT_DOWN_FOR,,نزلت لـ,"5:112, 5:113, 5:114, 5:115"
1146,66,1,YOUTHS_WHO_BELIEVED_IN,,فتية آمنوا بـ,"18:13, 18:14"
1147,1,66,RESURRECTED,,بعثهم,"18:12, 18:19"
1148,75,107,EMERGE_BEFORE,,يخرجون قبل,21:96
1149,98,96,BETWEEN_PARADISE,,بين الجنة,"7:46, 7:48, 7:49"
1150,98,97,AND_HELL,,والنار,"7:46, 7:48, 7:49"
1151,95,87,LOCATED_IN,,يقع في,"2:144, 2:149, 2:150, 2:217, 5:2"
1152,95,90,SURROUNDS,,يحيط بـ,"2:125, 2:144, 22:25"
1153,7,95,RAISED_FOUNDATIONS_OF,,رفع قواعد,"2:127, 22:26"
1154,94,1,BLESSED_SURROUNDINGS_BY,,بارك حوله,17:1
1155,91,14,SPOKEN_TO_AT,,كُلّم عنده,"7:143, 19:52, 20:12, 28:30"
1156,91,86,TABLETS_GIVEN_AT,,أُعطيت عنده,7:145
1157,1,91,SWORE_BY,,أقسم بـ,95:2
1158,104,2,DESCENDED_TO_BY,,أُهبط إليها,"2:36, 7:24"
1159,105,51,INHABITED_BY,,سكنتها,"53:26, 21:19, 21:20"
1160,103,26,SAW_AT,,رأى عندها,"53:14, 53:16"
1161,103,105,LOCATED_IN,,في,"53:14, 53:15"
1162,88,26,EMIGRATED_TO,,هاجر إليها,"9:100, 9:117"
1163,88,69,CONTAINED,,فيها,"9:101, 63:1, 63:7, 63:8"
1164,92,87,NEAR,,قرب,3:123
1165,64,87,LIVED_IN,,سكنوا,"106:1, 106:2, 106:3"
1166,64,90,MAINTAINED,,حافظوا على,106:3
1167,1,64,FED_AND_SECURED,,أطعمهم من جوع وآمنهم,106:4
1168,65,90,TRIED_TO_DESTROY,,أرادوا هدم,"105:1, 105:2"
1169,65,87,ATTACKED,,هاجموا,105:1
1170,41,97,DESTINED_FOR,,مصيره,"111:1, 111:3"
1171,42,97,DESTINED_FOR,,مصيرها,"111:4, 111:5"
1172,42,26,HARMED,,آذت,111:4
1173,43,147,WAS_HUSBAND_OF,,كان زوج,33:37
1174,35,96,PRAYED_FOR,,دعت الله بـ,66:11
1175,29,1,GIVEN_WISDOM_BY,,آتاه الحكمة,31:12
1176,55,89,LIVED_IN,,سكنوا في,"2:49, 7:137, 10:87, 26:59"
1177,55,163,CROSSED,,عبروا,"2:50, 7:138, 10:90, 20:77, 26:63, 44:24"
1178,1,163,SPLIT_FOR,,فلق لـ بني إسرائيل,"2:50, 7:138, 26:63"
1179,31,163,DROWNED_IN,,غرق في,"2:50, 10:90, 17:103, 20:78, 26:66, 28:40, 43:55"
1180,53,2,TEMPTED,,أغوى,"2:36, 7:20, 20:120"
1181,53,122,TEMPTED,,أغوى,"7:20, 7:22, 20:120, 20:121"
1182,53,154,ENEMY_OF,,عدو لـ,"2:168, 2:208, 7:22, 12:5, 35:6, 36:60"
1183,53,52,ALSO_KNOWN_AS,,يُسمى أيضاً,"2:34, 7:11, 18:50"
1184,54,1,CREATED_TO_WORSHIP,,خُلقوا لعبادة,51:56
1185,54,17,SUBJUGATED_TO,,سُخّروا لـ,"27:17, 27:39, 34:12, 34:14, 38:37"
1186,54,80,HEARD,,سمعوا,"46:29, 46:30, 72:1, 72:2"
1187,1,125,INSPIRED,,أوحى إلى,"20:38, 28:7"
1188,125,14,NURSED,,أرضعته,"28:7, 28:12, 28:13"
1189,151,28,WIFE_OF,,زوجة,3:35
1190,45,1,OFFERED_SACRIFICE_TO,,قرّبا قرباناً لـ,5:27
1191,45,2,SONS_OF,,أبناء,5:27
1192,63,13,DENIED,,كذّبوا,"26:176, 26:177"
1193,1,63,PUNISHED_WITH_SHADE,,عذاب الظلّة,26:189
1194,60,14,HIRED,,استأجروا,"28:26, 28:27"
1195,76,25,HELPERS_OF,,أنصار,"3:52, 5:111, 61:14"
1196,77,31,FOLLOWED,,تبعوا,"11:97, 28:8, 40:46"
1197,77,97,DESTINED_FOR,,مصيرهم,"3:11, 8:52, 28:42, 40:46"
1198,149,77,MEMBER_OF,,من,40:28
1199,149,1,BELIEVED_IN,,آمن بـ,40:28
1200,27,25,CONCEIVED,,حملت بـ,"19:22, 3:47"
1201,27,28,DAUGHTER_OF,,ابنة,"3:36, 66:12"
1202,1,27,PURIFIED_AND_CHOSE,,طهّر واصطفى,3:42
1203,148,26,FOLLOWED,,اتّبعوا,"3:32, 4:59, 8:1, 33:21"
1204,148,80,BELIEVED_IN,,آمنوا بـ,"2:3, 2:4, 2:121, 2:177"
1205,74,1,WERE_UNGRATEFUL_TO,,كفروا بنعمة,"34:15, 34:16, 34:17"
1206,33,104,SWALLOWED_BY,,خُسف به,"28:81, 29:40"
1207,33,1,REBELLED_AGAINST,,بغى,"28:76, 28:78"
1208,3,1,TRUTHFUL_PROPHET_OF,,صدّيق نبي,"19:56, 19:57"
1209,1,3,RAISED_TO_HIGH_STATION,,رفع مكاناً عليّاً,19:57
1210,19,1,PATIENT_SERVANT_OF,,صابر,"21:85, 38:48"
1211,20,1,GLORIFIED_IN_WHALE,,سبّح في بطن الحوت,"21:87, 37:143, 37:144"
1212,1,20,GREW_GOURD_OVER,,أنبت عليه شجرة يقطين,37:146
1213,18,1,PATIENT_WITH_TRIALS_FROM,,صبر على البلاء من,"21:83, 38:41, 38:44"
1214,16,1,GLORIFIED,,سبّح,"34:10, 38:17, 38:18"
1215,16,164,MOUNTAINS_GLORIFIED_WITH,,سبّحت معه,"21:79, 34:10, 38:18"
1216,17,137,SUMMONED,,استدعى,"27:27, 27:28, 27:29, 27:38, 27:42"
1217,17,145,WIND_SUBJUGATED_TO,,سُخّرت له,"21:81, 34:12, 38:36"
1218,1,23,SENT,,أرسل,"6:85, 19:2, 21:89"
1219,1,23,ANSWERED_PRAYER_OF,,استجاب دعاء,"3:38, 3:39, 19:7, 21:90"
1220,23,1,PRAYED_TO,,دعا,"3:38, 19:4, 19:5, 21:89"
1221,1,24,SENT,,أرسل,"6:85, 19:7"
1222,1,24,NAMED,,سمّاه,19:7
1223,1,24,GAVE_WISDOM_AS_CHILD,,آتاه الحكم صبياً,19:12
1224,1,10,GAVE_GLAD_TIDINGS_OF,,بشّر بـ,"11:71, 37:112, 51:28"
1225,1,10,BLESSED,,بارك,37:113
1226,1,3,RAISED_TO_HIGH_PLACE,,رفع مكاناً علياً,19:57
1227,1,19,CHOSE,,اصطفى,"21:85, 38:48"
1228,1,9,SENT,,أرسل,"2:136, 4:163, 6:86"
1229,9,1,WAS_PATIENT_WITH,,صبر,37:102
1230,1,11,BLESSED,,بارك,"11:71, 21:72"
1231,11,1,ADVISED_SONS_TO_WORSHIP,,أوصى أبناءه بعبادة,"2:132, 2:133"
1232,1,12,GAVE_INTERPRETATION_OF_DREAMS,,آتى علم تأويل الأحاديث,"12:6, 12:21, 12:22, 12:101"
1233,12,1,PRAYED_TO,,دعا,"12:33, 12:101"
1234,4,1,PRAYED_TO,,دعا,"11:45, 11:47, 23:26, 54:10, 71:26"
1235,1,4,ANSWERED_PRAYER_OF,,استجاب,"21:76, 37:75, 54:11"
1236,5,1,RELIED_ON,,توكّل على,11:56
1237,6,1,CALLED_TO_WORSHIP,,دعا قومه لعبادة,"7:73, 11:61"
1238,13,1,RELIED_ON,,توكّل على,11:88
1239,8,1,PRAYED_TO,,دعا,"26:169, 29:26"
1240,1,8,SAVED,,أنجى,"7:83, 11:81, 15:59, 21:71, 26:170, 27:57, 29:32, 29:33"
1241,7,1,PRAYED_TO,,دعا,"2:126, 2:127, 2:128, 2:129, 14:35, 14:37, 14:40, 26:83"
1242,1,7,ANSWERED_PRAYER_OF,,استجاب,"2:127, 14:39, 21:69"
1243,14,1,PRAYED_TO,,دعا,"7:151, 7:155, 10:88, 20:25, 20:114, 28:16"
1244,25,1,WORSHIPPED,,عبد,"5:72, 5:117, 19:30"
1245,26,1,RELIED_ON,,توكّل على,"3:159, 8:61, 9:51, 33:3, 33:48"
1246,1,26,SUPPORTED_WITH_VICTORY,,أيّد بالنصر,"3:123, 8:10, 48:1, 48:3, 110:1"
1247,1,26,PROTECTED,,عصم من الناس,5:67
1248,34,153,WORSHIPPED,,عبد,6:74
1249,7,34,CALLED_TO_MONOTHEISM,,دعاه للتوحيد,"6:74, 19:42, 19:43, 19:44, 19:45, 19:46"
1250,40,89,LIVED_IN,,عاشت في,12:30
1251,40,1,CONFESSED_BEFORE,,اعترفت بذنبها أمام,"12:32, 12:51"
1252,1,30,EMPOWERED,,مكّن في الأرض,"18:84, 18:92"
1253,30,1,FOLLOWED_COMMAND_OF,,اتّبع أمر,"18:86, 18:88, 18:91, 18:98"
1254,33,31,FROM_ERA_OF,,من عصر,"28:76, 29:39"
1255,1,15,CHOSE,,اصطفى,"19:53, 20:30, 20:36"
1256,21,55,CALLED_HIS_PEOPLE,,دعا قومه,"37:124, 37:125, 37:126"
1257,22,55,PROPHET_OF,,من أنبياء,"6:86, 38:48"
1258,24,55,PROPHET_AMONG,,نبي في,"3:39, 19:12, 19:14"
1259,24,23,SON_OF,,ابن,"3:39, 19:7"
1260,10,7,SON_OF,,ابن,"11:71, 14:39, 37:112"
1261,100,57,HOMELAND_OF,,موطن,46:21
1262,101,57,CITY_OF,,مدينة,89:7
1263,102,58,HOMELAND_OF,,موطن,15:80
1264,98,107,ON_DAY_OF,,يوم,"7:46, 7:48, 7:49"
1265,130,60,BELONGED_TO_POOR,,كانت لمساكين,18:79
1266,131,44,KILLED_FOR_WISDOM,,قتله لحكمة,"18:80, 18:81"
1267,132,44,BUILT_TO_PROTECT_TREASURE,,أقامه ليحمي كنز يتيمين,18:82
1268,1,125,RETURNED_MOSES_TO,,ردّ إليها موسى,"20:40, 28:13"
1269,127,97,DESTINED_FOR,,مصيرها,66:10
1270,128,97,DESTINED_FOR,,مصيرها,66:10
1271,128,59,MEMBER_OF,,من,"7:83, 11:81, 15:60, 27:57"
1272,135,89,RULED,,حكم,"12:43, 12:50, 12:54"
1273,135,12,SUMMONED,,استدعى,"12:50, 12:54"
1274,45,104,FIRST_MURDER_ON,,أول قتل على,"5:27, 5:30"
1275,150,31,CHALLENGED_MOSES_FOR,,تحدّوا موسى بأمر,"7:112, 7:113, 7:116, 20:60, 26:38, 26:43"
1276,76,1,BELIEVED_IN,,آمنوا بـ,"3:52, 5:111, 61:14"
1277,164,17,SUBJUGATED_TO,,سُخّرت لـ,"21:79, 34:10, 38:18"
1278,137,1,SUBMITTED_TO,,أسلمت لـ,27:44
1279,99,55,LEARNED_MAGIC_IN,,تعلّموا السحر في,2:102
1280,1,65,DESTROYED,,دمّر,"105:1, 105:2, 105:3, 105:4, 105:5"
1281,1,90,MADE_SACRED,,جعل حرماً آمناً,"2:125, 3:96, 3:97, 5:97"
1282,96,107,BROUGHT_NEAR_ON,,تقرّب يوم,"26:90, 50:31, 81:13"
1283,97,107,BLAZING_ON,,تسعّر يوم,"81:12, 82:4"
1284,158,1,ANGEL_OF,,ملاك,78:18
1285,159,1,ANGEL_OF,,ملاك,43:77
1286,1,106,SENT_UPON_PEOPLE_OF_NOAH,,أرسل على قوم نوح,"7:64, 11:40, 29:14"
1287,1,163,SPLIT,,فلق,"2:50, 7:138, 26:63"
1288,1,55,COMMANDED_TO_SLAUGHTER,,أمر بذبح,2:67
1289,1,165,COMMANDED_SLAUGHTER_OF,,أمر بذبحها,"2:67, 2:71"
1290,14,55,CONVEYED_COW_COMMAND_TO,,أبلغهم أمر البقرة,2:67
1291,55,165,ASKED_ABOUT,,سألوا عن صفاتها,"2:68, 2:69, 2:70"
1292,55,165,SLAUGHTERED,,ذبحوها,2:71
1293,165,55,REVIVED_DEAD_FOR,,أحيت قتيلاً لـ,"2:72, 2:73"
1294,166,17,INFORMED_ABOUT_SHEBA,,أخبر عن سبأ,"27:22, 27:28"
1295,17,166,NOTICED_ABSENCE_OF,,تفقّد غيابه,27:20
1296,17,166,THREATENED,,هدّد بالعذاب,27:21
1297,166,137,REPORTED_THRONE_OF,,أخبر عن عرشها,27:23
1298,167,17,WARNED_COLONY_ABOUT,,حذّرت قومها من جيش,27:18
1299,17,167,HEARD_SPEECH_OF,,سمع كلامها,27:19
1300,168,45,TAUGHT_BURIAL,,علّم دفن الميت,5:31
1301,1,168,SENT_TO_TEACH_BURIAL,,أرسل ليعلّم الدفن,5:31
1302,169,66,ACCOMPANIED,,رافق,"18:18, 18:22"
1303,169,133,SLEPT_AT_ENTRANCE_OF,,نام عند باب,18:18
1304,129,170,CLAIMED_ATE_JOSEPH,,ادّعوا أنه أكل يوسف,"12:13, 12:14, 12:17"
1305,11,170,FEARED_FOR_JOSEPH,,خشي على يوسف منه,12:13
1306,170,12,DID_NOT_EAT,,لم يأكله,"12:17, 12:18"
1307,177,12,PROOF_OF_INNOCENCE,,دليل براءة,"12:25, 12:26, 12:27, 12:28"
1308,177,11,RESTORED_SIGHT_OF,,أعاد له البصر,"12:93, 12:96"
1309,129,177,STAINED_WITH_FALSE_BLOOD,,لطّخوه بدم كذب,12:18
1310,129,177,CARRIED_TO_FATHER,,حملوه لأبيهم,12:93
1311,155,190,PASSED_BY,,مرّ عليها,2:259
1312,1,155,CAUSED_TO_DIE_100_YEARS,,أماته مئة عام,2:259
1313,1,155,RESURRECTED_AFTER_100_YEARS,,بعثه بعد مئة عام,2:259
1314,1,171,REVIVED_BONES_OF,,أحيا عظامه,2:259
1315,171,155,SIGN_FOR,,آية له,2:259
1316,172,1,USED_AS_PARABLE_BY,,ضُرب مثلاً,29:41
1317,172,71,PARABLE_OF_WEAK_PROTECTORS,,مثل ضعف أوليائهم,29:41
1318,1,173,INSPIRED,,أوحى إليها,16:68
1319,173,142,HEALING_FOR,,فيها شفاء للناس,16:69
1320,174,55,FROM,,من,"2:65, 7:163"
1321,174,1,VIOLATED_SABBATH_OF,,اعتدوا في السبت,"2:65, 7:163, 7:164"
1322,1,174,TRANSFORMED_TO_APES,,مسخهم قردة,"2:65, 7:166"
1323,1,179,SENT_UPON_PHARAOH,,أرسل على فرعون,7:133
1324,179,79,AFFLICTED,,ابتلت,"7:130, 7:133, 7:134, 7:135"
1325,179,31,DID_NOT_BELIEVE_DESPITE,,لم يؤمن رغمها,"7:133, 7:134, 7:135, 7:136"
1326,56,180,WORSHIPPED,,عبدوا,71:23
1327,180,181,INCLUDES,,منها,71:23
1328,180,182,INCLUDES,,منها,71:23
1329,180,183,INCLUDES,,منها,71:23
1330,180,184,INCLUDES,,منها,71:23
1331,180,185,INCLUDES,,منها,71:23
1332,21,186,FORBADE_WORSHIP_OF,,نهى قومه عن عبادة,37:125
1333,186,55,WORSHIPPED_BY_SOME,,عُبد من قبل بعض,37:125
1334,64,187,WORSHIPPED,,عبدوا,53:19
1335,64,188,WORSHIPPED,,عبدوا,53:19
1336,64,189,WORSHIPPED,,عبدوا,53:20
1337,137,178,SAT_ON,,جلست على,27:23
1338,17,178,ORDERED_BROUGHT,,أمر بإحضاره,27:38
1339,54,178,OFFERED_TO_BRING,,عرض إحضاره,27:39
1340,175,1,SWORE_WITHOUT_EXCEPTION,,أقسموا بلا استثناء,"68:17, 68:18"
1341,1,175,DESTROYED_GARDEN_OF,,دمّر جنتهم,"68:19, 68:20"
1342,1,176,SENT_MESSENGERS_TO,,أرسل إليهم رسلاً,"36:13, 36:14"
1343,176,191,DENIED,,كذّبوا,"36:15, 36:18"
1344,191,176,SENT_TO,,أُرسلوا إلى,"36:13, 36:14"
1345,1,176,DESTROYED,,أهلك,36:29
1346,192,1,WAS_UNGRATEFUL_TO,,كفر بنعمة,"18:35, 18:36"
1347,1,192,DESTROYED_GARDENS_OF,,دمّر جنتيه,18:42
1348,14,193,WATERED_FLOCKS_FOR,,سقى لهما,"28:23, 28:24"
1349,193,13,DAUGHTERS_OF,,ابنتا,"28:26, 28:27"
1350,193,14,HIRED,,استأجرتاه,28:26
1351,12,89,MANAGED_TREASURES_OF,,حكم خزائن,"12:55, 12:56"
1352,11,12,WARNED_NOT_TO_TELL_DREAM,,أوصاه ألا يقصّ رؤياه,12:5
1353,78,7,THREW_IN_FIRE,,ألقوه في النار,"21:68, 37:97"
1354,1,7,MADE_FIRE_COOL_FOR,,جعل النار برداً وسلاماً,21:69
1355,7,1,ASKED_HOW_TO_REVIVE_DEAD,,سأل كيف تُحيي الموتى,2:260
1356,1,7,COMMANDED_FOUR_BIRDS,,أمره بأربعة طيور,2:260
1357,17,1,DIED_LEANING_ON_STAFF,,مات متكئاً على عصاه,34:14
1358,54,17,DID_NOT_KNOW_OF_DEATH,,لم يعلموا بموته,34:14
1359,27,25,GAVE_BIRTH_AT_PALM_TREE,,ولدته عند جذع النخلة,"19:23, 19:25"
1360,2,1,REPENTED_TO,,تاب إلى,"2:37, 7:23, 20:122"
1361,1,2,FORGAVE,,تاب عليه,"2:37, 20:122"
1362,4,1,ASKED_ABOUT_SON,,سأل عن ابنه,11:45
1363,1,4,TOLD_NOT_OF_FAMILY,,ليس من أهلك,11:46
1364,16,55,JUDGED_BETWEEN_DISPUTANTS,,حكم بين الخصمين,"38:21, 38:22, 38:23, 38:24"
1365,26,1,FROWNED_AND_TURNED,,عبس وتولّى,"80:1, 80:2"
1366,4,194,STAYED_AMONG_PEOPLE,,لبث في قومه,29:14
1367,14,195,MET_GOD_FOR,,واعد الله,"2:51, 7:142"
1368,14,198,COMPLETED_APPOINTMENT,,أتمّ الميقات,7:142
1369,55,196,WANDERED_FOR,,تاهوا,5:26
1370,155,197,DIED_FOR,,أماته الله,2:259
1371,32,199,BUILT,,بنى,"28:38, 40:36, 40:37"
1372,31,199,ORDERED_BUILT,,أمر ببنائه,"28:38, 40:36"
1373,30,200,BUILT,,بنى,"18:95, 18:96, 18:97"
1374,200,75,TO_BLOCK,,لحجز,"18:94, 18:95, 18:97"
1375,1,200,DESTROYED_ON_JUDGMENT_DAY,,يُدكّ يوم القيامة,"18:98, 21:96"
1376,58,201,GIVEN_RESPITE,,أمهلوا,11:65
1377,23,202,COULD_NOT_SPEAK_FOR,,لم يكلم الناس,19:10
1378,27,201,COULD_NOT_SPEAK_FOR,,لم تكلم الناس,19:26
1379,1,203,GUSHED_FROM_ROCK,,فجّر من الحجر,"2:60, 7:160"
1380,203,55,ONE_FOR_EACH_TRIBE,,لكل سبط عين,"2:60, 7:160"
1381,1,204,SENT_DOWN_FOR,,أنزل على بني إسرائيل,"2:57, 7:160, 20:80"
1382,204,55,FOOD_FOR,,طعام لـ,"2:57, 7:160, 20:80"
1383,1,205,SHADED_OVER,,ظلّل على بني إسرائيل,"2:57, 7:160"
1384,206,17,ATE_THROUGH_CAUSING_FALL,,تآكلت فسقط,34:14
1385,207,1,CLAIMED_SONS_OF,,ادّعوا أنهم أبناء الله,5:18
1386,207,155,CALLED_SON_OF_GOD,,قالوا ابن الله,9:30
1387,207,208,IN_DISPUTE_WITH,,خلاف مع,2:113
1388,207,81,BELIEVED_IN,,آمنوا بـ,"5:43, 5:44"
1389,207,55,FROM,,من,"2:40, 5:12"
1390,208,25,CLAIMED_SON_OF_GOD,,ادّعوا ابن الله,9:30
1391,208,1,CLAIMED_TRINITY,,قالوا ثالث ثلاثة,5:73
1392,208,82,BELIEVED_IN,,آمنوا بـ,"5:46, 5:47"
1393,209,1,MENTIONED_WITH_BELIEVERS,,ذُكروا مع المؤمنين,"2:62, 5:69, 22:17"
1394,210,1,MENTIONED_ON_JUDGMENT,,ذُكروا يوم القيامة,22:17
1395,211,26,SOME_STAYED_BEHIND,,تخلّف بعضهم عن,"9:90, 9:97, 48:11, 48:16"
1396,211,1,SOME_BELIEVED_IN,,منهم من آمن,9:99
1397,211,1,SOME_WORST_IN_DISBELIEF,,بعضهم أشد كفراً,9:97
1398,212,88,OLD_NAME_OF,,الاسم القديم لـ,33:13
1399,69,212,WANTED_TO_RETURN_TO,,أرادوا الرجوع إلى,33:13
1400,213,87,OLD_NAME_OF,,الاسم القديم لـ,3:96
1401,1,213,PLACED_FIRST_HOUSE_IN,,جعل فيها أول بيت,3:96
1402,116,214,RESTED_ON,,استوت على,11:44
1403,1,14,SPOKE_TO_IN_VALLEY,,كلّمه في الوادي,"20:12, 79:16"
1404,215,14,CALLED_IN,,نودي فيه,"20:12, 79:16"
1405,215,91,NEAR,,قرب,20:12
1406,14,216,FLED_TO,,هرب إلى,28:22
1407,13,216,LIVED_IN,,عاش في,"7:85, 11:84"
1408,60,216,LIVED_IN,,سكنوا,7:85
1409,193,216,WATERED_IN,,سقتا فيها,28:23
1410,1,217,ROSE_OVER,,استوى على,"7:54, 10:3, 13:2, 20:5, 25:59, 32:4, 57:4"
1411,217,1,CARRIED_BY_ANGELS,,حملته الملائكة,"40:7, 69:17"
1412,51,217,CARRY,,يحملون,"40:7, 69:17"
1413,218,1,ENCOMPASSES_HEAVENS_AND_EARTH,,وسع السماوات والأرض,2:255
1414,80,219,PRESERVED_IN,,محفوظ في,85:22
1415,1,220,SWORE_BY,,أقسم بـ,68:1
1416,1,220,TAUGHT_MAN_WITH,,علّم به الإنسان,96:4
1417,221,107,SET_UP_ON,,توضع يوم,"7:8, 21:47, 101:6"
1418,1,221,WEIGHS_DEEDS_WITH,,يزن الأعمال بـ,"7:8, 21:47"
1419,222,107,SET_ON,,يُنصب يوم,"37:23, 36:66"
1420,1,222,GUIDES_TO_STRAIGHT,,يهدي إلى المستقيم,"1:6, 6:161"
1421,223,107,BETWEEN_DEATH_AND,,بين الموت ويوم,23:100
1422,142,223,ENTERS_AFTER_DEATH,,يمرّ بـ بعد الموت,23:100
1423,224,97,GROWS_IN,,تنبت في,"37:64, 44:43"
1424,224,97,FOOD_OF_PEOPLE_OF,,طعام أهل النار,"37:66, 44:44, 56:52"
1425,1,224,MADE_AS_TRIAL,,جعل فتنة للظالمين,37:63
1426,1,225,GAVE_TO_MUHAMMAD,,أعطى لمحمد,108:1
1427,225,26,GIVEN_TO,,أُعطي,108:1
1428,225,96,RIVER_IN,,نهر في,108:1
1429,226,96,SPRING_IN,,عين في,76:18
1430,227,96,SPRING_IN,,عين في,83:27
1431,227,51,DRUNK_BY_CLOSE_ONES,,يشرب بها المقربون,83:28
1432,228,96,IN,,في,13:29
1433,1,228,FOR_BELIEVERS,,للذين آمنوا,13:29
1434,1,68,FORETOLD_DEFEAT_OF,,أخبر بغلبهم,"30:2, 30:3"
1435,1,68,FORETOLD_LATER_VICTORY,,أخبر بانتصارهم بعدها,"30:3, 30:4"
1436,83,16,REVEALED_TO,,أُنزل على,"4:163, 17:55"
1437,229,1,USED_AS_PARABLE,,ضُرب مثلاً,22:73
1438,229,71,CANNOT_CREATE,,لا يستطيعون خلقه,22:73
1439,80,230,REVEALED_IN,,أُنزل في,"97:1, 44:3"
1440,230,1,BETTER_THAN_1000_MONTHS,,خير من ألف شهر,97:3
1441,51,230,DESCEND_IN,,تتنزّل فيها,97:4
1442,46,230,DESCENDS_IN,,ينزل فيها,97:4
1443,148,231,PLEDGED_UNDER_TREE,,بايعوا تحت الشجرة,48:18
1444,1,231,PLEASED_WITH_PLEDGERS,,رضي عن المبايعين,48:18
1445,231,26,PLEDGED_TO,,بايعوا,"48:10, 48:18"
1446,231,114,PRECEDED,,سبقت,48:18
1447,27,1,CHOSEN_BY,,اصطفاها,3:42
1448,27,1,DEVOUT_TO,,قانتة,66:12
1449,52,54,WAS_AMONG,,كان من,18:50
1450,52,51,WAS_AMONG,,كان بينهم,"2:34, 15:31, 18:50"
1451,17,232,PRESENTED_TO,,عُرضت عليه,38:31
1452,17,232,STRUCK_THEIR_LEGS,,مسح سوقها وأعناقها,38:33
1453,233,107,EMERGES_BEFORE,,تخرج قبل,27:82
1454,233,142,SPEAKS_TO,,تكلّم الناس,27:82
1455,2,122,HUSBAND_OF,,زوج,"2:35, 7:19"
1456,1,2,FORBADE_TREE,,نهى عن الشجرة,"2:35, 7:19"
1457,9,90,CO_BUILT,,بنى مع أبيه,2:127
1458,117,31,TURNED_TO_SERPENT_BEFORE,,تحولت لحية أمام,"7:107, 20:20, 26:32, 26:45"
1459,15,31,CONFRONTED_WITH_MOSES,,واجه مع موسى,"7:104, 10:75, 20:47, 23:45, 26:16"
1460,15,115,COULD_NOT_PREVENT,,لم يستطع منعهم,"20:90, 20:94"
1461,14,15,BLAMED_ABOUT_CALF,,عاتبه على العجل,"7:150, 20:92, 20:94"
1462,12,1,HAD_VISION_FROM,,رأى رؤيا,12:4
1463,12,11,REUNITED_WITH,,لقي أباه في مصر,"12:99, 12:100"
1464,16,1,MADE_ARMOR_BY_PERMISSION,,صنع الدروع بإذن,"21:80, 34:10, 34:11"
1465,17,1,ASKED_FOR_UNIQUE_KINGDOM,,طلب ملكاً لا ينبغي لأحد,38:35
1466,54,17,BUILT_STRUCTURES_FOR,,بنوا له محاريب وتماثيل,34:13
1467,4,116,CARRIED_PAIRS,,حمل من كل زوجين,"11:40, 23:27"
1468,7,1,SHOWN_KINGDOM_OF_HEAVENS,,رأى ملكوت السماوات,6:75
1469,7,1,ARGUED_WITH_STARS,,حاجّ قومه بالكواكب,"6:76, 6:77, 6:78, 6:80"
1470,8,59,OFFERED_DAUGHTERS,,عرض بناته بديلاً,"11:78, 15:71"
1471,51,59,CAME_TO_DESTROY,,جاؤوا لإهلاك,"11:77, 11:81, 15:61"
1472,51,7,GAVE_GLAD_TIDINGS_OF_ISAAC,,بشّروه بإسحاق,"11:69, 11:71, 15:53, 51:28"
1473,51,8,WARNED_OF_PUNISHMENT,,أنذروه بالعذاب,"11:81, 15:65"
1474,25,1,CREATED_BIRD_FROM_CLAY,,خلق من الطين كهيئة الطير,"3:49, 5:110"
1475,25,76,ASKED_FOR_HELPERS,,سأل من أنصاري إلى الله,"3:52, 61:14"
1476,55,25,ATTEMPTED_TO_KILL,,أرادوا قتله,4:157
1477,26,80,RECEIVED,,تلقّى,"2:185, 96:1, 73:1"
1478,26,64,EMIGRATED_FROM_PERSECUTION,,هاجر من بطشهم,"8:30, 9:40"
1479,1,26,DID_NOT_ABANDON,,ما ودّعك وما قلى,93:3
1480,1,26,EXPANDED_CHEST_OF,,شرح صدره,94:1
1481,31,14,PURSUED,,طارد,"20:78, 26:60"
1482,31,1,BELIEVED_WHEN_DROWNING,,آمن عند الغرق,"10:90, 10:91"
1483,1,31,PRESERVED_BODY_AS_SIGN,,حفظ جسده آية,10:92
1484,55,14,ASKED_TO_SEE_GOD,,طلبوا رؤية الله,"2:55, 4:153, 7:155"
1485,55,14,COMPLAINED_ABOUT_FOOD,,اشتكوا من الطعام,2:61
1486,55,1,BROKE_COVENANT,,نقضوا الميثاق,"2:83, 4:155, 5:13"
1487,55,1,KILLED_PROPHETS,,قتلوا الأنبياء,"2:61, 2:87, 3:21, 4:155"
1488,55,14,WORSHIPPED_CALF_IN_ABSENCE,,عبدوا العجل في غيابه,"2:51, 7:148, 20:85"
1489,1,66,SEALED_EARS,,ضرب على آذانهم,18:11
1490,44,1,SERVANT_WITH_MERCY,,عبد آتاه رحمة وعلماً,18:65
1491,14,44,ASKED_TO_FOLLOW,,طلب أن يتبعه,18:66
1492,44,14,CONDITIONED_NO_QUESTIONS,,اشترط عدم السؤال,18:70
1493,30,104,REACHED_WEST,,بلغ مغرب الشمس,18:86
1494,30,104,REACHED_EAST,,بلغ مطلع الشمس,18:90
1495,1,18,COMMANDED_TO_STRIKE_GROUND,,أمره بضرب الأرض برجله,38:42
1496,1,18,RESTORED_FAMILY_DOUBLED,,وهب له أهله ومثلهم,"21:84, 38:43"
1497,20,1,LEFT_IN_ANGER,,ذهب مغاضباً,21:87
1498,20,142,SENT_TO_100000,,أُرسل إلى مائة ألف,37:147
1499,54,1,SOME_MUSLIM_SOME_DEVIANT,,منهم مسلمون ومنهم قاسطون,"72:14, 72:15"
1500,51,1,NEVER_DISOBEY,,لا يعصون ما أمرهم,"66:6, 21:19, 21:20"
1501,51,142,RECORD_DEEDS,,يكتبون الأعمال,"82:10, 82:11, 50:17, 50:18"
1502,51,148,SEEK_FORGIVENESS_FOR,,يستغفرون للمؤمنين,"40:7, 42:5"
1503,64,1,TRADE_JOURNEYS_FROM,,إيلاف رحلة الشتاء والصيف,"106:1, 106:2"
1504,69,26,FALSELY_TESTIFIED,,شهدوا كذباً,63:1
1505,69,111,STAYED_BEHIND_IN,,تخلّفوا في,"3:167, 3:168"
1506,7,84,RECEIVED,,أُنزلت عليه,"87:19, 53:36"
